year,1,2,3,4,5,6,7,8,9,10,11,12,13,14,15,16,17,18,19,20,21,22,23,24,25,26,27,28,29,30,31,32,33,34,35,36,37,38,39,40,41,42,43,44,45,46,47,48,49,50,51,52,53,54,55,56,57,58,59,60,61,62,63,64,65,66,67,68,69,70,71,72,73,74,75,76,77,78,79,80,81,82,83,84,85,86,87,88,89,90,91,92,93,94,95,96,97,98,99,100,101,102,103,104,105,106,107,108,109,110,111,112,113,114,115,116,117,118,119,120,121,122,123,124,125,126,127,128,129,130,131,132,133,134,135,136,137,138,139,140,141,142,143,144,145,146,147,148,149,150,151,152,153,154,155,156,157,158,159,160,161,162,163,164,165,166,167,168
1921,0.35,0.35,0.30,0.00,0.35,0.35,0.30,0.25,0.30,0.35,0.30,0.30,0.30,0.30,0.30,0.25,0.00,0.30,0.25,0.30,0.30,0.30,0.30,0.35,0.30,0.35,0.30,0.30,0.25,0.35,0.35,0.25,0.25,0.25,0.30,0.00,0.25,0.35,0.35,0.30,0.00,0.25,0.25,0.00,0.00,0.30,0.30,0.25,0.25,0.25,0.25,0.30,0.30,0.25,0.30,0.30,0.25,0.25,0.30,0.30,0.30,0.30,0.25,0.25,0.35,0.00,0.25,0.25,0.35,0.00,0.25,0.25,0.00,0.30,0.25,0.00,0.00,0.25,0.00,0.30,0.00,0.35,0.30,0.00,0.00,0.00,0.30,0.00,0.00,0.35,0.00,0.35,0.00,0.30,0.00,0.30,0.30,0.25,0.30,0.30,0.00,0.25,0.00,0.25,0.25,0.00,0.30,0.25,0.30,0.30,0.30,0.25,0.30,0.25,0.25,0.25,0.25,0.30,0.25,0.25,0.25,0.00,0.25,0.30,0.35,0.00,0.30,0.00,0.25,0.00,0.25,0.35,0.25,0.25,0.25,0.25,0.25,0.25,0.25,0.25,0.25,0.25,0.00,0.00,0.00,0.35,0.00,0.00,0.25,0.25,0.25,0.25,0.00,0.00,0.00,0.00,0.00,0.25,0.00,0.00,0.00,0.00,0.00,0.00,0.25,0.25,0.25,0.00
1922,0.35,0.35,0.30,0.00,0.35,0.35,0.30,0.25,0.30,0.35,0.30,0.30,0.30,0.30,0.30,0.25,0.00,0.30,0.25,0.30,0.30,0.30,0.30,0.35,0.30,0.35,0.30,0.30,0.25,0.35,0.35,0.25,0.25,0.25,0.30,0.00,0.25,0.35,0.35,0.30,0.00,0.25,0.25,0.00,0.00,0.30,0.30,0.25,0.25,0.25,0.25,0.30,0.30,0.25,0.30,0.30,0.25,0.25,0.30,0.30,0.30,0.30,0.25,0.25,0.35,0.00,0.25,0.25,0.35,0.00,0.25,0.25,0.00,0.30,0.25,0.00,0.00,0.25,0.00,0.30,0.00,0.35,0.30,0.00,0.00,0.00,0.30,0.00,0.00,0.35,0.00,0.35,0.00,0.30,0.00,0.30,0.30,0.25,0.30,0.30,0.00,0.25,0.00,0.25,0.25,0.00,0.30,0.25,0.30,0.30,0.30,0.25,0.30,0.25,0.25,0.25,0.25,0.30,0.25,0.25,0.25,0.00,0.25,0.30,0.35,0.00,0.30,0.00,0.25,0.00,0.25,0.35,0.25,0.25,0.25,0.25,0.25,0.25,0.25,0.25,0.25,0.25,0.00,0.00,0.00,0.35,0.00,0.00,0.25,0.25,0.25,0.25,0.00,0.00,0.00,0.00,0.00,0.25,0.00,0.00,0.00,0.00,0.00,0.00,0.25,0.25,0.25,0.00
1923,0.35,0.35,0.30,0.00,0.35,0.35,0.30,0.25,0.30,0.35,0.30,0.30,0.30,0.30,0.30,0.25,0.00,0.30,0.25,0.30,0.30,0.30,0.30,0.35,0.30,0.35,0.30,0.30,0.25,0.35,0.35,0.25,0.25,0.25,0.30,0.00,0.25,0.35,0.35,0.30,0.00,0.25,0.25,0.00,0.00,0.30,0.30,0.25,0.25,0.25,0.25,0.30,0.30,0.25,0.30,0.30,0.25,0.25,0.30,0.30,0.30,0.30,0.25,0.25,0.35,0.00,0.25,0.25,0.35,0.00,0.25,0.25,0.00,0.30,0.25,0.00,0.00,0.25,0.00,0.30,0.00,0.35,0.30,0.00,0.00,0.00,0.30,0.00,0.00,0.35,0.00,0.35,0.00,0.30,0.00,0.30,0.30,0.25,0.30,0.30,0.00,0.25,0.00,0.25,0.25,0.00,0.30,0.25,0.30,0.30,0.30,0.25,0.30,0.25,0.25,0.25,0.25,0.30,0.25,0.25,0.25,0.00,0.25,0.30,0.35,0.00,0.30,0.00,0.25,0.00,0.25,0.35,0.25,0.25,0.25,0.25,0.25,0.25,0.25,0.25,0.25,0.25,0.00,0.00,0.00,0.35,0.00,0.00,0.25,0.25,0.25,0.25,0.00,0.00,0.00,0.00,0.00,0.25,0.00,0.00,0.00,0.00,0.00,0.00,0.25,0.25,0.25,0.00
1924,0.35,0.35,0.30,0.00,0.35,0.35,0.30,0.25,0.30,0.35,0.30,0.30,0.30,0.30,0.30,0.25,0.00,0.30,0.25,0.30,0.30,0.30,0.30,0.35,0.30,0.35,0.30,0.30,0.25,0.35,0.35,0.25,0.25,0.25,0.30,0.00,0.25,0.35,0.35,0.30,0.00,0.25,0.25,0.00,0.00,0.30,0.30,0.25,0.25,0.25,0.25,0.30,0.30,0.25,0.30,0.30,0.25,0.25,0.30,0.30,0.30,0.30,0.25,0.25,0.35,0.00,0.25,0.25,0.35,0.00,0.25,0.25,0.00,0.30,0.25,0.00,0.00,0.25,0.00,0.30,0.00,0.35,0.30,0.00,0.00,0.00,0.30,0.00,0.00,0.35,0.00,0.35,0.00,0.30,0.00,0.30,0.30,0.25,0.30,0.30,0.00,0.25,0.00,0.25,0.25,0.00,0.30,0.25,0.30,0.30,0.30,0.25,0.30,0.25,0.25,0.25,0.25,0.30,0.25,0.25,0.25,0.00,0.25,0.30,0.35,0.00,0.30,0.00,0.25,0.00,0.25,0.35,0.25,0.25,0.25,0.25,0.25,0.25,0.25,0.25,0.25,0.25,0.00,0.00,0.00,0.35,0.00,0.00,0.25,0.25,0.25,0.25,0.00,0.00,0.00,0.00,0.00,0.25,0.00,0.00,0.00,0.00,0.00,0.00,0.25,0.25,0.25,0.00
1925,0.35,0.35,0.30,0.00,0.35,0.35,0.30,0.25,0.30,0.35,0.30,0.30,0.30,0.30,0.30,0.25,0.00,0.30,0.25,0.30,0.30,0.30,0.30,0.35,0.30,0.35,0.30,0.30,0.25,0.35,0.35,0.25,0.25,0.25,0.30,0.00,0.25,0.35,0.35,0.30,0.00,0.25,0.25,0.00,0.00,0.30,0.30,0.25,0.25,0.25,0.25,0.30,0.30,0.25,0.30,0.30,0.25,0.25,0.30,0.30,0.30,0.30,0.25,0.25,0.35,0.00,0.25,0.25,0.35,0.00,0.25,0.25,0.00,0.30,0.25,0.00,0.00,0.25,0.00,0.30,0.00,0.35,0.30,0.00,0.00,0.00,0.30,0.00,0.00,0.35,0.00,0.35,0.00,0.30,0.00,0.30,0.30,0.25,0.30,0.30,0.00,0.25,0.00,0.25,0.25,0.00,0.30,0.25,0.30,0.30,0.30,0.25,0.30,0.25,0.25,0.25,0.25,0.30,0.25,0.25,0.25,0.00,0.25,0.30,0.35,0.00,0.30,0.00,0.25,0.00,0.25,0.35,0.25,0.25,0.25,0.25,0.25,0.25,0.25,0.25,0.25,0.25,0.00,0.00,0.00,0.35,0.00,0.00,0.25,0.25,0.25,0.25,0.00,0.00,0.00,0.00,0.00,0.25,0.00,0.00,0.00,0.00,0.00,0.00,0.25,0.25,0.25,0.00
1926,0.35,0.35,0.30,0.00,0.35,0.35,0.30,0.25,0.30,0.35,0.30,0.30,0.30,0.30,0.30,0.25,0.00,0.30,0.25,0.30,0.30,0.30,0.30,0.35,0.30,0.35,0.30,0.30,0.25,0.35,0.35,0.25,0.25,0.25,0.30,0.00,0.25,0.35,0.35,0.30,0.00,0.25,0.25,0.00,0.00,0.30,0.30,0.25,0.25,0.25,0.25,0.30,0.30,0.25,0.30,0.30,0.25,0.25,0.30,0.30,0.30,0.30,0.25,0.25,0.35,0.00,0.25,0.25,0.35,0.00,0.25,0.25,0.00,0.30,0.25,0.00,0.00,0.25,0.00,0.30,0.00,0.35,0.30,0.00,0.00,0.00,0.30,0.00,0.00,0.35,0.00,0.35,0.00,0.30,0.00,0.30,0.30,0.25,0.30,0.30,0.00,0.25,0.00,0.25,0.25,0.00,0.30,0.25,0.30,0.30,0.30,0.25,0.30,0.25,0.25,0.25,0.25,0.30,0.25,0.25,0.25,0.00,0.25,0.30,0.35,0.00,0.30,0.00,0.25,0.00,0.25,0.35,0.25,0.25,0.25,0.25,0.25,0.25,0.25,0.25,0.25,0.25,0.00,0.00,0.00,0.35,0.00,0.00,0.25,0.25,0.25,0.25,0.00,0.00,0.00,0.00,0.00,0.25,0.00,0.00,0.00,0.00,0.00,0.00,0.25,0.25,0.25,0.00
1927,0.35,0.35,0.30,0.00,0.35,0.35,0.30,0.25,0.30,0.35,0.30,0.30,0.30,0.30,0.30,0.25,0.00,0.30,0.25,0.30,0.30,0.30,0.30,0.35,0.30,0.35,0.30,0.30,0.25,0.35,0.35,0.25,0.25,0.25,0.30,0.00,0.25,0.35,0.35,0.30,0.00,0.25,0.25,0.00,0.00,0.30,0.30,0.25,0.25,0.25,0.25,0.30,0.30,0.25,0.30,0.30,0.25,0.25,0.30,0.30,0.30,0.30,0.25,0.25,0.35,0.00,0.25,0.25,0.35,0.00,0.25,0.25,0.00,0.30,0.25,0.00,0.00,0.25,0.00,0.30,0.00,0.35,0.30,0.00,0.00,0.00,0.30,0.00,0.00,0.35,0.00,0.35,0.00,0.30,0.00,0.30,0.30,0.25,0.30,0.30,0.00,0.25,0.00,0.25,0.25,0.00,0.30,0.25,0.30,0.30,0.30,0.25,0.30,0.25,0.25,0.25,0.25,0.30,0.25,0.25,0.25,0.00,0.25,0.30,0.35,0.00,0.30,0.00,0.25,0.00,0.25,0.35,0.25,0.25,0.25,0.25,0.25,0.25,0.25,0.25,0.25,0.25,0.00,0.00,0.00,0.35,0.00,0.00,0.25,0.25,0.25,0.25,0.00,0.00,0.00,0.00,0.00,0.25,0.00,0.00,0.00,0.00,0.00,0.00,0.25,0.25,0.25,0.00
1928,0.35,0.35,0.30,0.00,0.35,0.35,0.30,0.25,0.30,0.35,0.30,0.30,0.30,0.30,0.30,0.25,0.00,0.30,0.25,0.30,0.30,0.30,0.30,0.35,0.30,0.35,0.30,0.30,0.25,0.35,0.35,0.25,0.25,0.25,0.30,0.00,0.25,0.35,0.35,0.30,0.00,0.25,0.25,0.00,0.00,0.30,0.30,0.25,0.25,0.25,0.25,0.30,0.30,0.25,0.30,0.30,0.25,0.25,0.30,0.30,0.30,0.30,0.25,0.25,0.35,0.00,0.25,0.25,0.35,0.00,0.25,0.25,0.00,0.30,0.25,0.00,0.00,0.25,0.00,0.30,0.00,0.35,0.30,0.00,0.00,0.00,0.30,0.00,0.00,0.35,0.00,0.35,0.00,0.30,0.00,0.30,0.30,0.25,0.30,0.30,0.00,0.25,0.00,0.25,0.25,0.00,0.30,0.25,0.30,0.30,0.30,0.25,0.30,0.25,0.25,0.25,0.25,0.30,0.25,0.25,0.25,0.00,0.25,0.30,0.35,0.00,0.30,0.00,0.25,0.00,0.25,0.35,0.25,0.25,0.25,0.25,0.25,0.25,0.25,0.25,0.25,0.25,0.00,0.00,0.00,0.35,0.00,0.00,0.25,0.25,0.25,0.25,0.00,0.00,0.00,0.00,0.00,0.25,0.00,0.00,0.00,0.00,0.00,0.00,0.25,0.25,0.25,0.00
1929,0.35,0.35,0.30,0.00,0.35,0.35,0.30,0.25,0.30,0.35,0.30,0.30,0.30,0.30,0.30,0.25,0.00,0.30,0.25,0.30,0.30,0.30,0.30,0.35,0.30,0.35,0.30,0.30,0.25,0.35,0.35,0.25,0.25,0.25,0.30,0.00,0.25,0.35,0.35,0.30,0.00,0.25,0.25,0.00,0.00,0.30,0.30,0.25,0.25,0.25,0.25,0.30,0.30,0.25,0.30,0.30,0.25,0.25,0.30,0.30,0.30,0.30,0.25,0.25,0.35,0.00,0.25,0.25,0.35,0.00,0.25,0.25,0.00,0.30,0.25,0.00,0.00,0.25,0.00,0.30,0.00,0.35,0.30,0.00,0.00,0.00,0.30,0.00,0.00,0.35,0.00,0.35,0.00,0.30,0.00,0.30,0.30,0.25,0.30,0.30,0.00,0.25,0.00,0.25,0.25,0.00,0.30,0.25,0.30,0.30,0.30,0.25,0.30,0.25,0.25,0.25,0.25,0.30,0.25,0.25,0.25,0.00,0.25,0.30,0.35,0.00,0.30,0.00,0.25,0.00,0.25,0.35,0.25,0.25,0.25,0.25,0.25,0.25,0.25,0.25,0.25,0.25,0.00,0.00,0.00,0.35,0.00,0.00,0.25,0.25,0.25,0.25,0.00,0.00,0.00,0.00,0.00,0.25,0.00,0.00,0.00,0.00,0.00,0.00,0.25,0.25,0.25,0.00
1930,0.35,0.35,0.30,0.00,0.35,0.35,0.30,0.25,0.30,0.35,0.30,0.30,0.30,0.30,0.30,0.25,0.00,0.30,0.25,0.30,0.30,0.30,0.30,0.35,0.30,0.35,0.30,0.30,0.25,0.35,0.35,0.25,0.25,0.25,0.30,0.00,0.25,0.35,0.35,0.30,0.00,0.25,0.25,0.00,0.00,0.30,0.30,0.25,0.25,0.25,0.25,0.30,0.30,0.25,0.30,0.30,0.25,0.25,0.30,0.30,0.30,0.30,0.25,0.25,0.35,0.00,0.25,0.25,0.35,0.00,0.25,0.25,0.00,0.30,0.25,0.00,0.00,0.25,0.00,0.30,0.00,0.35,0.30,0.00,0.00,0.00,0.30,0.00,0.00,0.35,0.00,0.35,0.00,0.30,0.00,0.30,0.30,0.25,0.30,0.30,0.00,0.25,0.00,0.25,0.25,0.00,0.30,0.25,0.30,0.30,0.30,0.25,0.30,0.25,0.25,0.25,0.25,0.30,0.25,0.25,0.25,0.00,0.25,0.30,0.35,0.00,0.30,0.00,0.25,0.00,0.25,0.35,0.25,0.25,0.25,0.25,0.25,0.25,0.25,0.25,0.25,0.25,0.00,0.00,0.00,0.35,0.00,0.00,0.25,0.25,0.25,0.25,0.00,0.00,0.00,0.00,0.00,0.25,0.00,0.00,0.00,0.00,0.00,0.00,0.25,0.25,0.25,0.00
1931,0.35,0.35,0.30,0.00,0.35,0.35,0.30,0.25,0.30,0.35,0.30,0.30,0.30,0.30,0.30,0.25,0.00,0.30,0.25,0.30,0.30,0.30,0.30,0.35,0.30,0.35,0.30,0.30,0.25,0.35,0.35,0.25,0.25,0.25,0.30,0.00,0.25,0.35,0.35,0.30,0.00,0.25,0.25,0.00,0.00,0.30,0.30,0.25,0.25,0.25,0.25,0.30,0.30,0.25,0.30,0.30,0.25,0.25,0.30,0.30,0.30,0.30,0.25,0.25,0.35,0.00,0.25,0.25,0.35,0.00,0.25,0.25,0.00,0.30,0.25,0.00,0.00,0.25,0.00,0.30,0.00,0.35,0.30,0.00,0.00,0.00,0.30,0.00,0.00,0.35,0.00,0.35,0.00,0.30,0.00,0.30,0.30,0.25,0.30,0.30,0.00,0.25,0.00,0.25,0.25,0.00,0.30,0.25,0.30,0.30,0.30,0.25,0.30,0.25,0.25,0.25,0.25,0.30,0.25,0.25,0.25,0.00,0.25,0.30,0.35,0.00,0.30,0.00,0.25,0.00,0.25,0.35,0.25,0.25,0.25,0.25,0.25,0.25,0.25,0.25,0.25,0.25,0.00,0.00,0.00,0.35,0.00,0.00,0.25,0.25,0.25,0.25,0.00,0.00,0.00,0.00,0.00,0.25,0.00,0.00,0.00,0.00,0.00,0.00,0.25,0.25,0.25,0.00
1932,0.35,0.35,0.30,0.00,0.35,0.35,0.30,0.25,0.30,0.35,0.30,0.30,0.30,0.30,0.30,0.25,0.00,0.30,0.25,0.30,0.30,0.30,0.30,0.35,0.30,0.35,0.30,0.30,0.25,0.35,0.35,0.25,0.25,0.25,0.30,0.00,0.25,0.35,0.35,0.30,0.00,0.25,0.25,0.00,0.00,0.30,0.30,0.25,0.25,0.25,0.25,0.30,0.30,0.25,0.30,0.30,0.25,0.25,0.30,0.30,0.30,0.30,0.25,0.25,0.35,0.00,0.25,0.25,0.35,0.00,0.25,0.25,0.00,0.30,0.25,0.00,0.00,0.25,0.00,0.30,0.00,0.35,0.30,0.00,0.00,0.00,0.30,0.00,0.00,0.35,0.00,0.35,0.00,0.30,0.00,0.30,0.30,0.25,0.30,0.30,0.00,0.25,0.00,0.25,0.25,0.00,0.30,0.25,0.30,0.30,0.30,0.25,0.30,0.25,0.25,0.25,0.25,0.30,0.25,0.25,0.25,0.00,0.25,0.30,0.35,0.00,0.30,0.00,0.25,0.00,0.25,0.35,0.25,0.25,0.25,0.25,0.25,0.25,0.25,0.25,0.25,0.25,0.00,0.00,0.00,0.35,0.00,0.00,0.25,0.25,0.25,0.25,0.00,0.00,0.00,0.00,0.00,0.25,0.00,0.00,0.00,0.00,0.00,0.00,0.25,0.25,0.25,0.00
1933,0.35,0.35,0.30,0.00,0.35,0.35,0.30,0.25,0.30,0.35,0.30,0.30,0.30,0.30,0.30,0.25,0.00,0.30,0.25,0.30,0.30,0.30,0.30,0.35,0.30,0.35,0.30,0.30,0.25,0.35,0.35,0.25,0.25,0.25,0.30,0.00,0.25,0.35,0.35,0.30,0.00,0.25,0.25,0.00,0.00,0.30,0.30,0.25,0.25,0.25,0.25,0.30,0.30,0.25,0.30,0.30,0.25,0.25,0.30,0.30,0.30,0.30,0.25,0.25,0.35,0.00,0.25,0.25,0.35,0.00,0.25,0.25,0.00,0.30,0.25,0.00,0.00,0.25,0.00,0.30,0.00,0.35,0.30,0.00,0.00,0.00,0.30,0.00,0.00,0.35,0.00,0.35,0.00,0.30,0.00,0.30,0.30,0.25,0.30,0.30,0.00,0.25,0.00,0.25,0.25,0.00,0.30,0.25,0.30,0.30,0.30,0.25,0.30,0.25,0.25,0.25,0.25,0.30,0.25,0.25,0.25,0.00,0.25,0.30,0.35,0.00,0.30,0.00,0.25,0.00,0.25,0.35,0.25,0.25,0.25,0.25,0.25,0.25,0.25,0.25,0.25,0.25,0.00,0.00,0.00,0.35,0.00,0.00,0.25,0.25,0.25,0.25,0.00,0.00,0.00,0.00,0.00,0.25,0.00,0.00,0.00,0.00,0.00,0.00,0.25,0.25,0.25,0.00
1934,0.35,0.35,0.30,0.00,0.35,0.35,0.30,0.25,0.30,0.35,0.30,0.30,0.30,0.30,0.30,0.25,0.00,0.30,0.25,0.30,0.30,0.30,0.30,0.35,0.30,0.35,0.30,0.30,0.25,0.35,0.35,0.25,0.25,0.25,0.30,0.00,0.25,0.35,0.35,0.30,0.00,0.25,0.25,0.00,0.00,0.30,0.30,0.25,0.25,0.25,0.25,0.30,0.30,0.25,0.30,0.30,0.25,0.25,0.30,0.30,0.30,0.30,0.25,0.25,0.35,0.00,0.25,0.25,0.35,0.00,0.25,0.25,0.00,0.30,0.25,0.00,0.00,0.25,0.00,0.30,0.00,0.35,0.30,0.00,0.00,0.00,0.30,0.00,0.00,0.35,0.00,0.35,0.00,0.30,0.00,0.30,0.30,0.25,0.30,0.30,0.00,0.25,0.00,0.25,0.25,0.00,0.30,0.25,0.30,0.30,0.30,0.25,0.30,0.25,0.25,0.25,0.25,0.30,0.25,0.25,0.25,0.00,0.25,0.30,0.35,0.00,0.30,0.00,0.25,0.00,0.25,0.35,0.25,0.25,0.25,0.25,0.25,0.25,0.25,0.25,0.25,0.25,0.00,0.00,0.00,0.35,0.00,0.00,0.25,0.25,0.25,0.25,0.00,0.00,0.00,0.00,0.00,0.25,0.00,0.00,0.00,0.00,0.00,0.00,0.25,0.25,0.25,0.00
1935,0.35,0.35,0.30,0.00,0.35,0.35,0.30,0.25,0.30,0.35,0.30,0.30,0.30,0.30,0.30,0.25,0.00,0.30,0.25,0.30,0.30,0.30,0.30,0.35,0.30,0.35,0.30,0.30,0.25,0.35,0.35,0.25,0.25,0.25,0.30,0.00,0.25,0.35,0.35,0.30,0.00,0.25,0.25,0.00,0.00,0.30,0.30,0.25,0.25,0.25,0.25,0.30,0.30,0.25,0.30,0.30,0.25,0.25,0.30,0.30,0.30,0.30,0.25,0.25,0.35,0.00,0.25,0.25,0.35,0.00,0.25,0.25,0.00,0.30,0.25,0.00,0.00,0.25,0.00,0.30,0.00,0.35,0.30,0.00,0.00,0.00,0.30,0.00,0.00,0.35,0.00,0.35,0.00,0.30,0.00,0.30,0.30,0.25,0.30,0.30,0.00,0.25,0.00,0.25,0.25,0.00,0.30,0.25,0.30,0.30,0.30,0.25,0.30,0.25,0.25,0.25,0.25,0.30,0.25,0.25,0.25,0.00,0.25,0.30,0.35,0.00,0.30,0.00,0.25,0.00,0.25,0.35,0.25,0.25,0.25,0.25,0.25,0.25,0.25,0.25,0.25,0.25,0.00,0.00,0.00,0.35,0.00,0.00,0.25,0.25,0.25,0.25,0.00,0.00,0.00,0.00,0.00,0.25,0.00,0.00,0.00,0.00,0.00,0.00,0.25,0.25,0.25,0.00
1936,0.35,0.35,0.30,0.00,0.35,0.35,0.30,0.25,0.30,0.35,0.30,0.30,0.30,0.30,0.30,0.25,0.00,0.30,0.25,0.30,0.30,0.30,0.30,0.35,0.30,0.35,0.30,0.30,0.25,0.35,0.35,0.25,0.25,0.25,0.30,0.00,0.25,0.35,0.35,0.30,0.00,0.25,0.25,0.00,0.00,0.30,0.30,0.25,0.25,0.25,0.25,0.30,0.30,0.25,0.30,0.30,0.25,0.25,0.30,0.30,0.30,0.30,0.25,0.25,0.35,0.00,0.25,0.25,0.35,0.00,0.25,0.25,0.00,0.30,0.25,0.00,0.00,0.25,0.00,0.30,0.00,0.35,0.30,0.00,0.00,0.00,0.30,0.00,0.00,0.35,0.00,0.35,0.00,0.30,0.00,0.30,0.30,0.25,0.30,0.30,0.00,0.25,0.00,0.25,0.25,0.00,0.30,0.25,0.30,0.30,0.30,0.25,0.30,0.25,0.25,0.25,0.25,0.30,0.25,0.25,0.25,0.00,0.25,0.30,0.35,0.00,0.30,0.00,0.25,0.00,0.25,0.35,0.25,0.25,0.25,0.25,0.25,0.25,0.25,0.25,0.25,0.25,0.00,0.00,0.00,0.35,0.00,0.00,0.25,0.25,0.25,0.25,0.00,0.00,0.00,0.00,0.00,0.25,0.00,0.00,0.00,0.00,0.00,0.00,0.25,0.25,0.25,0.00
1937,0.35,0.35,0.30,0.00,0.35,0.35,0.30,0.25,0.30,0.35,0.30,0.30,0.30,0.30,0.30,0.25,0.00,0.30,0.25,0.30,0.30,0.30,0.30,0.35,0.30,0.35,0.30,0.30,0.25,0.35,0.35,0.25,0.25,0.25,0.30,0.00,0.25,0.35,0.35,0.30,0.00,0.25,0.25,0.00,0.00,0.30,0.30,0.25,0.25,0.25,0.25,0.30,0.30,0.25,0.30,0.30,0.25,0.25,0.30,0.30,0.30,0.30,0.25,0.25,0.35,0.00,0.25,0.25,0.35,0.00,0.25,0.25,0.00,0.30,0.25,0.00,0.00,0.25,0.00,0.30,0.00,0.35,0.30,0.00,0.00,0.00,0.30,0.00,0.00,0.35,0.00,0.35,0.00,0.30,0.00,0.30,0.30,0.25,0.30,0.30,0.00,0.25,0.00,0.25,0.25,0.00,0.30,0.25,0.30,0.30,0.30,0.25,0.30,0.25,0.25,0.25,0.25,0.30,0.25,0.25,0.25,0.00,0.25,0.30,0.35,0.00,0.30,0.00,0.25,0.00,0.25,0.35,0.25,0.25,0.25,0.25,0.25,0.25,0.25,0.25,0.25,0.25,0.00,0.00,0.00,0.35,0.00,0.00,0.25,0.25,0.25,0.25,0.00,0.00,0.00,0.00,0.00,0.25,0.00,0.00,0.00,0.00,0.00,0.00,0.25,0.25,0.25,0.00
1938,0.35,0.35,0.30,0.00,0.35,0.35,0.30,0.25,0.30,0.35,0.30,0.30,0.30,0.30,0.30,0.25,0.00,0.30,0.25,0.30,0.30,0.30,0.30,0.35,0.30,0.35,0.30,0.30,0.25,0.35,0.35,0.25,0.25,0.25,0.30,0.00,0.25,0.35,0.35,0.30,0.00,0.25,0.25,0.00,0.00,0.30,0.30,0.25,0.25,0.25,0.25,0.30,0.30,0.25,0.30,0.30,0.25,0.25,0.30,0.30,0.30,0.30,0.25,0.25,0.35,0.00,0.25,0.25,0.35,0.00,0.25,0.25,0.00,0.30,0.25,0.00,0.00,0.25,0.00,0.30,0.00,0.35,0.30,0.00,0.00,0.00,0.30,0.00,0.00,0.35,0.00,0.35,0.00,0.30,0.00,0.30,0.30,0.25,0.30,0.30,0.00,0.25,0.00,0.25,0.25,0.00,0.30,0.25,0.30,0.30,0.30,0.25,0.30,0.25,0.25,0.25,0.25,0.30,0.25,0.25,0.25,0.00,0.25,0.30,0.35,0.00,0.30,0.00,0.25,0.00,0.25,0.35,0.25,0.25,0.25,0.25,0.25,0.25,0.25,0.25,0.25,0.25,0.00,0.00,0.00,0.35,0.00,0.00,0.25,0.25,0.25,0.25,0.00,0.00,0.00,0.00,0.00,0.25,0.00,0.00,0.00,0.00,0.00,0.00,0.25,0.25,0.25,0.00
1939,0.35,0.35,0.30,0.00,0.35,0.35,0.30,0.25,0.30,0.35,0.30,0.30,0.30,0.30,0.30,0.25,0.00,0.30,0.25,0.30,0.30,0.30,0.30,0.35,0.30,0.35,0.30,0.30,0.25,0.35,0.35,0.25,0.25,0.25,0.30,0.00,0.25,0.35,0.35,0.30,0.00,0.25,0.25,0.00,0.00,0.30,0.30,0.25,0.25,0.25,0.25,0.30,0.30,0.25,0.30,0.30,0.25,0.25,0.30,0.30,0.30,0.30,0.25,0.25,0.35,0.00,0.25,0.25,0.35,0.00,0.25,0.25,0.00,0.30,0.25,0.00,0.00,0.25,0.00,0.30,0.00,0.35,0.30,0.00,0.00,0.00,0.30,0.00,0.00,0.35,0.00,0.35,0.00,0.30,0.00,0.30,0.30,0.25,0.30,0.30,0.00,0.25,0.00,0.25,0.25,0.00,0.30,0.25,0.30,0.30,0.30,0.25,0.30,0.25,0.25,0.25,0.25,0.30,0.25,0.25,0.25,0.00,0.25,0.30,0.35,0.00,0.30,0.00,0.25,0.00,0.25,0.35,0.25,0.25,0.25,0.25,0.25,0.25,0.25,0.25,0.25,0.25,0.00,0.00,0.00,0.35,0.00,0.00,0.25,0.25,0.25,0.25,0.00,0.00,0.00,0.00,0.00,0.25,0.00,0.00,0.00,0.00,0.00,0.00,0.25,0.25,0.25,0.00
1940,0.35,0.35,0.30,0.00,0.35,0.35,0.30,0.25,0.30,0.35,0.30,0.30,0.30,0.30,0.30,0.25,0.00,0.30,0.25,0.30,0.30,0.30,0.30,0.35,0.30,0.35,0.30,0.30,0.25,0.35,0.35,0.25,0.25,0.25,0.30,0.00,0.25,0.35,0.35,0.30,0.00,0.25,0.25,0.00,0.00,0.30,0.30,0.25,0.25,0.25,0.25,0.30,0.30,0.25,0.30,0.30,0.25,0.25,0.30,0.30,0.30,0.30,0.25,0.25,0.35,0.00,0.25,0.25,0.35,0.00,0.25,0.25,0.00,0.30,0.25,0.00,0.00,0.25,0.00,0.30,0.00,0.35,0.30,0.00,0.00,0.00,0.30,0.00,0.00,0.35,0.00,0.35,0.00,0.30,0.00,0.30,0.30,0.25,0.30,0.30,0.00,0.25,0.00,0.25,0.25,0.00,0.30,0.25,0.30,0.30,0.30,0.25,0.30,0.25,0.25,0.25,0.25,0.30,0.25,0.25,0.25,0.00,0.25,0.30,0.35,0.00,0.30,0.00,0.25,0.00,0.25,0.35,0.25,0.25,0.25,0.25,0.25,0.25,0.25,0.25,0.25,0.25,0.00,0.00,0.00,0.35,0.00,0.00,0.25,0.25,0.25,0.25,0.00,0.00,0.00,0.00,0.00,0.25,0.00,0.00,0.00,0.00,0.00,0.00,0.25,0.25,0.25,0.00
1941,0.35,0.35,0.30,0.00,0.35,0.35,0.30,0.25,0.30,0.35,0.30,0.30,0.30,0.30,0.30,0.25,0.00,0.30,0.25,0.30,0.30,0.30,0.30,0.35,0.30,0.35,0.30,0.30,0.25,0.35,0.35,0.25,0.25,0.25,0.30,0.00,0.25,0.35,0.35,0.30,0.00,0.25,0.25,0.00,0.00,0.30,0.30,0.25,0.25,0.25,0.25,0.30,0.30,0.25,0.30,0.30,0.25,0.25,0.30,0.30,0.30,0.30,0.25,0.25,0.35,0.00,0.25,0.25,0.35,0.00,0.25,0.25,0.00,0.30,0.25,0.00,0.00,0.25,0.00,0.30,0.00,0.35,0.30,0.00,0.00,0.00,0.30,0.00,0.00,0.35,0.00,0.35,0.00,0.30,0.00,0.30,0.30,0.25,0.30,0.30,0.00,0.25,0.00,0.25,0.25,0.00,0.30,0.25,0.30,0.30,0.30,0.25,0.30,0.25,0.25,0.25,0.25,0.30,0.25,0.25,0.25,0.00,0.25,0.30,0.35,0.00,0.30,0.00,0.25,0.00,0.25,0.35,0.25,0.25,0.25,0.25,0.25,0.25,0.25,0.25,0.25,0.25,0.00,0.00,0.00,0.35,0.00,0.00,0.25,0.25,0.25,0.25,0.00,0.00,0.00,0.00,0.00,0.25,0.00,0.00,0.00,0.00,0.00,0.00,0.25,0.25,0.25,0.00
1942,0.35,0.35,0.30,0.00,0.35,0.35,0.30,0.25,0.30,0.35,0.30,0.30,0.30,0.30,0.30,0.25,0.00,0.30,0.25,0.30,0.30,0.30,0.30,0.35,0.30,0.35,0.30,0.30,0.25,0.35,0.35,0.25,0.25,0.25,0.30,0.00,0.25,0.35,0.35,0.30,0.00,0.25,0.25,0.00,0.00,0.30,0.30,0.25,0.25,0.25,0.25,0.30,0.30,0.25,0.30,0.30,0.25,0.25,0.30,0.30,0.30,0.30,0.25,0.25,0.35,0.00,0.25,0.25,0.35,0.00,0.25,0.25,0.00,0.30,0.25,0.00,0.00,0.25,0.00,0.30,0.00,0.35,0.30,0.00,0.00,0.00,0.30,0.00,0.00,0.35,0.00,0.35,0.00,0.30,0.00,0.30,0.30,0.25,0.30,0.30,0.00,0.25,0.00,0.25,0.25,0.00,0.30,0.25,0.30,0.30,0.30,0.25,0.30,0.25,0.25,0.25,0.25,0.30,0.25,0.25,0.25,0.00,0.25,0.30,0.35,0.00,0.30,0.00,0.25,0.00,0.25,0.35,0.25,0.25,0.25,0.25,0.25,0.25,0.25,0.25,0.25,0.25,0.00,0.00,0.00,0.35,0.00,0.00,0.25,0.25,0.25,0.25,0.00,0.00,0.00,0.00,0.00,0.25,0.00,0.00,0.00,0.00,0.00,0.00,0.25,0.25,0.25,0.00
1943,0.35,0.35,0.30,0.00,0.35,0.35,0.30,0.25,0.30,0.35,0.30,0.30,0.30,0.30,0.30,0.25,0.00,0.30,0.25,0.30,0.30,0.30,0.30,0.35,0.30,0.35,0.30,0.30,0.25,0.35,0.35,0.25,0.25,0.25,0.30,0.00,0.25,0.35,0.35,0.30,0.00,0.25,0.25,0.00,0.00,0.30,0.30,0.25,0.25,0.25,0.25,0.30,0.30,0.25,0.30,0.30,0.25,0.25,0.30,0.30,0.30,0.30,0.25,0.25,0.35,0.00,0.25,0.25,0.35,0.00,0.25,0.25,0.00,0.30,0.25,0.00,0.00,0.25,0.00,0.30,0.00,0.35,0.30,0.00,0.00,0.00,0.30,0.00,0.00,0.35,0.00,0.35,0.00,0.30,0.00,0.30,0.30,0.25,0.30,0.30,0.00,0.25,0.00,0.25,0.25,0.00,0.30,0.25,0.30,0.30,0.30,0.25,0.30,0.25,0.25,0.25,0.25,0.30,0.25,0.25,0.25,0.00,0.25,0.30,0.35,0.00,0.30,0.00,0.25,0.00,0.25,0.35,0.25,0.25,0.25,0.25,0.25,0.25,0.25,0.25,0.25,0.25,0.00,0.00,0.00,0.35,0.00,0.00,0.25,0.25,0.25,0.25,0.00,0.00,0.00,0.00,0.00,0.25,0.00,0.00,0.00,0.00,0.00,0.00,0.25,0.25,0.25,0.00
1944,0.35,0.35,0.30,0.00,0.35,0.35,0.30,0.25,0.30,0.35,0.30,0.30,0.30,0.30,0.30,0.25,0.00,0.30,0.25,0.30,0.30,0.30,0.30,0.35,0.30,0.35,0.30,0.30,0.25,0.35,0.35,0.25,0.25,0.25,0.30,0.00,0.25,0.35,0.35,0.30,0.00,0.25,0.25,0.00,0.00,0.30,0.30,0.25,0.25,0.25,0.25,0.30,0.30,0.25,0.30,0.30,0.25,0.25,0.30,0.30,0.30,0.30,0.25,0.25,0.35,0.00,0.25,0.25,0.35,0.00,0.25,0.25,0.00,0.30,0.25,0.00,0.00,0.25,0.00,0.30,0.00,0.35,0.30,0.00,0.00,0.00,0.30,0.00,0.00,0.35,0.00,0.35,0.00,0.30,0.00,0.30,0.30,0.25,0.30,0.30,0.00,0.25,0.00,0.25,0.25,0.00,0.30,0.25,0.30,0.30,0.30,0.25,0.30,0.25,0.25,0.25,0.25,0.30,0.25,0.25,0.25,0.00,0.25,0.30,0.35,0.00,0.30,0.00,0.25,0.00,0.25,0.35,0.25,0.25,0.25,0.25,0.25,0.25,0.25,0.25,0.25,0.25,0.00,0.00,0.00,0.35,0.00,0.00,0.25,0.25,0.25,0.25,0.00,0.00,0.00,0.00,0.00,0.25,0.00,0.00,0.00,0.00,0.00,0.00,0.25,0.25,0.25,0.00
1945,0.35,0.35,0.30,0.00,0.35,0.35,0.30,0.25,0.30,0.35,0.30,0.30,0.30,0.30,0.30,0.25,0.00,0.30,0.25,0.30,0.30,0.30,0.30,0.35,0.30,0.35,0.30,0.30,0.25,0.35,0.35,0.25,0.25,0.25,0.30,0.00,0.25,0.35,0.35,0.30,0.00,0.25,0.25,0.00,0.00,0.30,0.30,0.25,0.25,0.25,0.25,0.30,0.30,0.25,0.30,0.30,0.25,0.25,0.30,0.30,0.30,0.30,0.25,0.25,0.35,0.00,0.25,0.25,0.35,0.00,0.25,0.25,0.00,0.30,0.25,0.00,0.00,0.25,0.00,0.30,0.00,0.35,0.30,0.00,0.00,0.00,0.30,0.00,0.00,0.35,0.00,0.35,0.00,0.30,0.00,0.30,0.30,0.25,0.30,0.30,0.00,0.25,0.00,0.25,0.25,0.00,0.30,0.25,0.30,0.30,0.30,0.25,0.30,0.25,0.25,0.25,0.25,0.30,0.25,0.25,0.25,0.00,0.25,0.30,0.35,0.00,0.30,0.00,0.25,0.00,0.25,0.35,0.25,0.25,0.25,0.25,0.25,0.25,0.25,0.25,0.25,0.25,0.00,0.00,0.00,0.35,0.00,0.00,0.25,0.25,0.25,0.25,0.00,0.00,0.00,0.00,0.00,0.25,0.00,0.00,0.00,0.00,0.00,0.00,0.25,0.25,0.25,0.00
1946,0.35,0.35,0.30,0.00,0.35,0.35,0.30,0.25,0.30,0.35,0.30,0.30,0.30,0.30,0.30,0.25,0.00,0.30,0.25,0.30,0.30,0.30,0.30,0.35,0.30,0.35,0.30,0.30,0.25,0.35,0.35,0.25,0.25,0.25,0.30,0.00,0.25,0.35,0.35,0.30,0.00,0.25,0.25,0.00,0.00,0.30,0.30,0.25,0.25,0.25,0.25,0.30,0.30,0.25,0.30,0.30,0.25,0.25,0.30,0.30,0.30,0.30,0.25,0.25,0.35,0.00,0.25,0.25,0.35,0.00,0.25,0.25,0.00,0.30,0.25,0.00,0.00,0.25,0.00,0.30,0.00,0.35,0.30,0.00,0.00,0.00,0.30,0.00,0.00,0.35,0.00,0.35,0.00,0.30,0.00,0.30,0.30,0.25,0.30,0.30,0.00,0.25,0.00,0.25,0.25,0.00,0.30,0.25,0.30,0.30,0.30,0.25,0.30,0.25,0.25,0.25,0.25,0.30,0.25,0.25,0.25,0.00,0.25,0.30,0.35,0.00,0.30,0.00,0.25,0.00,0.25,0.35,0.25,0.25,0.25,0.25,0.25,0.25,0.25,0.25,0.25,0.25,0.00,0.00,0.00,0.35,0.00,0.00,0.25,0.25,0.25,0.25,0.00,0.00,0.00,0.00,0.00,0.25,0.00,0.00,0.00,0.00,0.00,0.00,0.25,0.25,0.25,0.00
1947,0.35,0.35,0.30,0.01,0.35,0.35,0.30,0.25,0.30,0.35,0.30,0.30,0.30,0.30,0.30,0.25,0.01,0.30,0.25,0.30,0.30,0.30,0.30,0.35,0.30,0.35,0.30,0.30,0.25,0.35,0.35,0.25,0.25,0.25,0.30,0.01,0.25,0.35,0.35,0.30,0.01,0.25,0.25,0.01,0.01,0.30,0.30,0.25,0.25,0.25,0.25,0.30,0.30,0.25,0.30,0.30,0.25,0.25,0.30,0.30,0.30,0.30,0.25,0.25,0.35,0.01,0.25,0.25,0.35,0.01,0.25,0.25,0.01,0.30,0.25,0.01,0.01,0.25,0.01,0.30,0.01,0.35,0.30,0.01,0.01,0.01,0.30,0.01,0.01,0.35,0.01,0.35,0.01,0.30,0.01,0.30,0.30,0.25,0.30,0.30,0.01,0.25,0.01,0.25,0.25,0.01,0.30,0.25,0.30,0.30,0.30,0.25,0.30,0.25,0.25,0.25,0.25,0.30,0.25,0.25,0.25,0.01,0.25,0.30,0.35,0.01,0.30,0.01,0.25,0.01,0.25,0.35,0.25,0.25,0.25,0.25,0.25,0.25,0.25,0.25,0.25,0.25,0.01,0.01,0.01,0.35,0.01,0.01,0.25,0.25,0.25,0.25,0.01,0.01,0.01,0.01,0.01,0.25,0.01,0.01,0.01,0.01,0.01,0.01,0.25,0.25,0.25,0.01
1948,0.35,0.35,0.30,0.01,0.35,0.35,0.30,0.25,0.30,0.35,0.30,0.30,0.30,0.30,0.30,0.25,0.01,0.30,0.25,0.30,0.30,0.30,0.30,0.35,0.30,0.35,0.30,0.30,0.25,0.35,0.35,0.25,0.25,0.25,0.30,0.01,0.25,0.35,0.35,0.30,0.01,0.25,0.25,0.01,0.01,0.30,0.30,0.25,0.25,0.25,0.25,0.30,0.30,0.25,0.30,0.30,0.25,0.25,0.30,0.30,0.30,0.30,0.25,0.25,0.35,0.01,0.25,0.25,0.35,0.01,0.25,0.25,0.01,0.30,0.25,0.01,0.01,0.25,0.01,0.30,0.01,0.35,0.30,0.01,0.01,0.01,0.30,0.01,0.01,0.35,0.01,0.35,0.01,0.30,0.01,0.30,0.30,0.25,0.30,0.30,0.01,0.25,0.01,0.25,0.25,0.01,0.30,0.25,0.30,0.30,0.30,0.25,0.30,0.25,0.25,0.25,0.25,0.30,0.25,0.25,0.25,0.01,0.25,0.30,0.35,0.01,0.30,0.01,0.25,0.01,0.25,0.35,0.25,0.25,0.25,0.25,0.25,0.25,0.25,0.25,0.25,0.25,0.01,0.01,0.01,0.35,0.01,0.01,0.25,0.25,0.25,0.25,0.01,0.01,0.01,0.01,0.01,0.25,0.01,0.01,0.01,0.01,0.01,0.01,0.25,0.25,0.25,0.01
1949,0.35,0.35,0.30,0.01,0.35,0.35,0.30,0.25,0.30,0.35,0.30,0.30,0.30,0.30,0.30,0.25,0.01,0.30,0.25,0.30,0.30,0.30,0.30,0.35,0.30,0.35,0.30,0.30,0.25,0.35,0.35,0.25,0.25,0.25,0.30,0.01,0.25,0.35,0.35,0.30,0.01,0.25,0.25,0.01,0.01,0.30,0.30,0.25,0.25,0.25,0.25,0.30,0.30,0.25,0.30,0.30,0.25,0.25,0.30,0.30,0.30,0.30,0.25,0.25,0.35,0.01,0.25,0.25,0.35,0.01,0.25,0.25,0.01,0.30,0.25,0.01,0.01,0.25,0.01,0.30,0.01,0.35,0.30,0.01,0.01,0.01,0.30,0.01,0.01,0.35,0.01,0.35,0.01,0.30,0.01,0.30,0.30,0.25,0.30,0.30,0.01,0.25,0.01,0.25,0.25,0.01,0.30,0.25,0.30,0.30,0.30,0.25,0.30,0.25,0.25,0.25,0.25,0.30,0.25,0.25,0.25,0.01,0.25,0.30,0.35,0.01,0.30,0.01,0.25,0.01,0.25,0.35,0.25,0.25,0.25,0.25,0.25,0.25,0.25,0.25,0.25,0.25,0.01,0.01,0.01,0.35,0.01,0.01,0.25,0.25,0.25,0.25,0.01,0.01,0.01,0.01,0.01,0.25,0.01,0.01,0.01,0.01,0.01,0.01,0.25,0.25,0.25,0.01
1950,0.35,0.35,0.30,0.02,0.35,0.35,0.30,0.25,0.30,0.35,0.30,0.30,0.30,0.30,0.30,0.25,0.02,0.30,0.25,0.30,0.30,0.30,0.30,0.35,0.30,0.35,0.30,0.30,0.25,0.35,0.35,0.25,0.25,0.25,0.30,0.02,0.25,0.35,0.35,0.30,0.02,0.25,0.25,0.02,0.02,0.30,0.30,0.25,0.25,0.25,0.25,0.30,0.30,0.25,0.30,0.30,0.25,0.25,0.30,0.30,0.30,0.30,0.25,0.25,0.35,0.02,0.25,0.25,0.35,0.02,0.25,0.25,0.02,0.30,0.25,0.02,0.02,0.25,0.02,0.30,0.02,0.35,0.30,0.02,0.02,0.02,0.30,0.02,0.02,0.35,0.02,0.35,0.02,0.30,0.02,0.30,0.30,0.25,0.30,0.30,0.02,0.25,0.02,0.25,0.25,0.02,0.30,0.25,0.30,0.30,0.30,0.25,0.30,0.25,0.25,0.25,0.25,0.30,0.25,0.25,0.25,0.02,0.25,0.30,0.35,0.02,0.30,0.02,0.25,0.02,0.25,0.35,0.25,0.25,0.25,0.25,0.25,0.25,0.25,0.25,0.25,0.25,0.02,0.02,0.02,0.35,0.02,0.02,0.25,0.25,0.25,0.25,0.02,0.02,0.02,0.02,0.02,0.25,0.02,0.02,0.02,0.02,0.02,0.02,0.25,0.25,0.25,0.02
1951,0.35,0.35,0.30,0.03,0.35,0.35,0.30,0.25,0.30,0.35,0.30,0.30,0.30,0.30,0.30,0.25,0.03,0.30,0.25,0.30,0.30,0.30,0.30,0.35,0.30,0.35,0.30,0.30,0.25,0.35,0.35,0.25,0.25,0.25,0.30,0.03,0.25,0.35,0.35,0.30,0.03,0.25,0.25,0.03,0.03,0.30,0.30,0.25,0.25,0.25,0.25,0.30,0.30,0.25,0.30,0.30,0.25,0.25,0.30,0.30,0.30,0.30,0.25,0.25,0.35,0.03,0.25,0.25,0.35,0.03,0.25,0.25,0.03,0.30,0.25,0.03,0.03,0.25,0.03,0.30,0.03,0.35,0.30,0.03,0.03,0.03,0.30,0.03,0.03,0.35,0.03,0.35,0.03,0.30,0.03,0.30,0.30,0.25,0.30,0.30,0.03,0.25,0.03,0.25,0.25,0.03,0.30,0.25,0.30,0.30,0.30,0.25,0.30,0.25,0.25,0.25,0.25,0.30,0.25,0.25,0.25,0.03,0.25,0.30,0.35,0.03,0.30,0.03,0.25,0.03,0.25,0.35,0.25,0.25,0.25,0.25,0.25,0.25,0.25,0.25,0.25,0.25,0.03,0.03,0.03,0.35,0.03,0.03,0.25,0.25,0.25,0.25,0.03,0.03,0.03,0.03,0.03,0.25,0.03,0.03,0.03,0.03,0.03,0.03,0.25,0.25,0.25,0.03
1952,0.35,0.35,0.30,0.03,0.35,0.35,0.30,0.25,0.30,0.35,0.30,0.30,0.30,0.30,0.30,0.25,0.03,0.30,0.25,0.30,0.30,0.30,0.30,0.35,0.30,0.35,0.30,0.30,0.25,0.35,0.35,0.25,0.25,0.25,0.30,0.03,0.25,0.35,0.35,0.30,0.03,0.25,0.25,0.03,0.03,0.30,0.30,0.25,0.25,0.25,0.25,0.30,0.30,0.25,0.30,0.30,0.25,0.25,0.30,0.30,0.30,0.30,0.25,0.25,0.35,0.03,0.25,0.25,0.35,0.03,0.25,0.25,0.03,0.30,0.25,0.03,0.03,0.25,0.03,0.30,0.03,0.35,0.30,0.03,0.03,0.03,0.30,0.03,0.03,0.35,0.03,0.35,0.03,0.30,0.03,0.30,0.30,0.25,0.30,0.30,0.03,0.25,0.03,0.25,0.25,0.03,0.30,0.25,0.30,0.30,0.30,0.25,0.30,0.25,0.25,0.25,0.25,0.30,0.25,0.25,0.25,0.03,0.25,0.30,0.35,0.03,0.30,0.03,0.25,0.03,0.25,0.35,0.25,0.25,0.25,0.25,0.25,0.25,0.25,0.25,0.25,0.25,0.03,0.03,0.03,0.35,0.03,0.03,0.25,0.25,0.25,0.25,0.03,0.03,0.03,0.03,0.03,0.25,0.03,0.03,0.03,0.03,0.03,0.03,0.25,0.25,0.25,0.03
1953,0.35,0.35,0.30,0.04,0.35,0.35,0.30,0.25,0.30,0.35,0.30,0.30,0.30,0.30,0.30,0.25,0.04,0.30,0.25,0.30,0.30,0.30,0.30,0.35,0.30,0.35,0.30,0.30,0.25,0.35,0.35,0.25,0.25,0.25,0.30,0.04,0.25,0.35,0.35,0.30,0.04,0.25,0.25,0.04,0.04,0.30,0.30,0.25,0.25,0.25,0.25,0.30,0.30,0.25,0.30,0.30,0.25,0.25,0.30,0.30,0.30,0.30,0.25,0.25,0.35,0.04,0.25,0.25,0.35,0.04,0.25,0.25,0.04,0.30,0.25,0.04,0.04,0.25,0.04,0.30,0.04,0.35,0.30,0.04,0.04,0.04,0.30,0.04,0.04,0.35,0.04,0.35,0.04,0.30,0.04,0.30,0.30,0.25,0.30,0.30,0.04,0.25,0.04,0.25,0.25,0.04,0.30,0.25,0.30,0.30,0.30,0.25,0.30,0.25,0.25,0.25,0.25,0.30,0.25,0.25,0.25,0.04,0.25,0.30,0.35,0.04,0.30,0.04,0.25,0.04,0.25,0.35,0.25,0.25,0.25,0.25,0.25,0.25,0.25,0.25,0.25,0.25,0.04,0.04,0.04,0.35,0.04,0.04,0.25,0.25,0.25,0.25,0.04,0.04,0.04,0.04,0.04,0.25,0.04,0.04,0.04,0.04,0.04,0.04,0.25,0.25,0.25,0.04
1954,0.35,0.35,0.30,0.05,0.35,0.35,0.30,0.25,0.30,0.35,0.30,0.30,0.30,0.30,0.30,0.25,0.05,0.30,0.25,0.30,0.30,0.30,0.30,0.35,0.30,0.35,0.30,0.30,0.25,0.35,0.35,0.25,0.25,0.25,0.30,0.05,0.25,0.35,0.35,0.30,0.05,0.25,0.25,0.05,0.05,0.30,0.30,0.25,0.25,0.25,0.25,0.30,0.30,0.25,0.30,0.30,0.25,0.25,0.30,0.30,0.30,0.30,0.25,0.25,0.35,0.05,0.25,0.25,0.35,0.05,0.25,0.25,0.05,0.30,0.25,0.05,0.05,0.25,0.05,0.30,0.05,0.35,0.30,0.05,0.05,0.05,0.30,0.05,0.05,0.35,0.05,0.35,0.05,0.30,0.05,0.30,0.30,0.25,0.30,0.30,0.05,0.25,0.05,0.25,0.25,0.05,0.30,0.25,0.30,0.30,0.30,0.25,0.30,0.25,0.25,0.25,0.25,0.30,0.25,0.25,0.25,0.05,0.25,0.30,0.35,0.05,0.30,0.05,0.25,0.05,0.25,0.35,0.25,0.25,0.25,0.25,0.25,0.25,0.25,0.25,0.25,0.25,0.05,0.05,0.05,0.35,0.05,0.05,0.25,0.25,0.25,0.25,0.05,0.05,0.05,0.05,0.05,0.25,0.05,0.05,0.05,0.05,0.05,0.05,0.25,0.25,0.25,0.05
1955,0.35,0.35,0.30,0.06,0.35,0.35,0.30,0.25,0.30,0.35,0.30,0.30,0.30,0.30,0.30,0.25,0.06,0.30,0.25,0.30,0.30,0.30,0.30,0.35,0.30,0.35,0.30,0.30,0.25,0.35,0.35,0.25,0.25,0.25,0.30,0.06,0.25,0.35,0.35,0.30,0.06,0.25,0.25,0.06,0.06,0.30,0.30,0.25,0.25,0.25,0.25,0.30,0.30,0.25,0.30,0.30,0.25,0.25,0.30,0.30,0.30,0.30,0.25,0.25,0.35,0.06,0.25,0.25,0.35,0.06,0.25,0.25,0.06,0.30,0.25,0.06,0.06,0.25,0.06,0.30,0.06,0.35,0.30,0.06,0.06,0.06,0.30,0.06,0.06,0.35,0.06,0.35,0.06,0.30,0.06,0.30,0.30,0.25,0.30,0.30,0.06,0.25,0.06,0.25,0.25,0.06,0.30,0.25,0.30,0.30,0.30,0.25,0.30,0.25,0.25,0.25,0.25,0.30,0.25,0.25,0.25,0.06,0.25,0.30,0.35,0.06,0.30,0.06,0.25,0.06,0.25,0.35,0.25,0.25,0.25,0.25,0.25,0.25,0.25,0.25,0.25,0.25,0.06,0.06,0.06,0.35,0.06,0.06,0.25,0.25,0.25,0.25,0.06,0.06,0.06,0.06,0.06,0.25,0.06,0.06,0.06,0.06,0.06,0.06,0.25,0.25,0.25,0.06
1956,0.35,0.35,0.30,0.07,0.35,0.35,0.30,0.25,0.30,0.35,0.30,0.30,0.30,0.30,0.30,0.25,0.07,0.30,0.25,0.30,0.30,0.30,0.30,0.35,0.30,0.35,0.30,0.30,0.25,0.35,0.35,0.25,0.25,0.25,0.30,0.07,0.25,0.35,0.35,0.30,0.07,0.25,0.25,0.07,0.07,0.30,0.30,0.25,0.25,0.25,0.25,0.30,0.30,0.25,0.30,0.30,0.25,0.25,0.30,0.30,0.30,0.30,0.25,0.25,0.35,0.07,0.25,0.25,0.35,0.07,0.25,0.25,0.07,0.30,0.25,0.07,0.07,0.25,0.07,0.30,0.07,0.35,0.30,0.07,0.07,0.07,0.30,0.07,0.07,0.35,0.07,0.35,0.07,0.30,0.07,0.30,0.30,0.25,0.30,0.30,0.07,0.25,0.07,0.25,0.25,0.07,0.30,0.25,0.30,0.30,0.30,0.25,0.30,0.25,0.25,0.25,0.25,0.30,0.25,0.25,0.25,0.07,0.25,0.30,0.35,0.07,0.30,0.07,0.25,0.07,0.25,0.35,0.25,0.25,0.25,0.25,0.25,0.25,0.25,0.25,0.25,0.25,0.07,0.07,0.07,0.35,0.07,0.07,0.25,0.25,0.25,0.25,0.07,0.07,0.07,0.07,0.07,0.25,0.07,0.07,0.07,0.07,0.07,0.07,0.25,0.25,0.25,0.07
1957,0.35,0.35,0.30,0.08,0.35,0.35,0.30,0.25,0.30,0.35,0.30,0.30,0.30,0.30,0.30,0.25,0.08,0.30,0.25,0.30,0.30,0.30,0.30,0.35,0.30,0.35,0.30,0.30,0.25,0.35,0.35,0.25,0.25,0.25,0.30,0.08,0.25,0.35,0.35,0.30,0.08,0.25,0.25,0.08,0.08,0.30,0.30,0.25,0.25,0.25,0.25,0.30,0.30,0.25,0.30,0.30,0.25,0.25,0.30,0.30,0.30,0.30,0.25,0.25,0.35,0.08,0.25,0.25,0.35,0.08,0.25,0.25,0.08,0.30,0.25,0.08,0.08,0.25,0.08,0.30,0.08,0.35,0.30,0.08,0.08,0.08,0.30,0.08,0.08,0.35,0.08,0.35,0.08,0.30,0.08,0.30,0.30,0.25,0.30,0.30,0.08,0.25,0.08,0.25,0.25,0.08,0.30,0.25,0.30,0.30,0.30,0.25,0.30,0.25,0.25,0.25,0.25,0.30,0.25,0.25,0.25,0.08,0.25,0.30,0.35,0.08,0.30,0.08,0.25,0.08,0.25,0.35,0.25,0.25,0.25,0.25,0.25,0.25,0.25,0.25,0.25,0.25,0.08,0.08,0.08,0.35,0.08,0.08,0.25,0.25,0.25,0.25,0.08,0.08,0.08,0.08,0.08,0.25,0.08,0.08,0.08,0.08,0.08,0.08,0.25,0.25,0.25,0.08
1958,0.35,0.35,0.30,0.09,0.35,0.35,0.30,0.25,0.30,0.35,0.30,0.30,0.30,0.30,0.30,0.25,0.09,0.30,0.25,0.30,0.30,0.30,0.30,0.35,0.30,0.35,0.30,0.30,0.25,0.35,0.35,0.25,0.25,0.25,0.30,0.09,0.25,0.35,0.35,0.30,0.09,0.25,0.25,0.09,0.09,0.30,0.30,0.25,0.25,0.25,0.25,0.30,0.30,0.25,0.30,0.30,0.25,0.25,0.30,0.30,0.30,0.30,0.25,0.25,0.35,0.09,0.25,0.25,0.35,0.09,0.25,0.25,0.09,0.30,0.25,0.09,0.09,0.25,0.09,0.30,0.09,0.35,0.30,0.09,0.09,0.09,0.30,0.09,0.09,0.35,0.09,0.35,0.09,0.30,0.09,0.30,0.30,0.25,0.30,0.30,0.09,0.25,0.09,0.25,0.25,0.09,0.30,0.25,0.30,0.30,0.30,0.25,0.30,0.25,0.25,0.25,0.25,0.30,0.25,0.25,0.25,0.09,0.25,0.30,0.35,0.09,0.30,0.09,0.25,0.09,0.25,0.35,0.25,0.25,0.25,0.25,0.25,0.25,0.25,0.25,0.25,0.25,0.09,0.09,0.09,0.35,0.09,0.09,0.25,0.25,0.25,0.25,0.09,0.09,0.09,0.09,0.09,0.25,0.09,0.09,0.09,0.09,0.09,0.09,0.25,0.25,0.25,0.09
1959,0.35,0.35,0.30,0.09,0.35,0.35,0.30,0.25,0.30,0.35,0.30,0.30,0.30,0.30,0.30,0.25,0.09,0.30,0.25,0.30,0.30,0.30,0.30,0.35,0.30,0.35,0.30,0.30,0.25,0.35,0.35,0.25,0.25,0.25,0.30,0.09,0.25,0.35,0.35,0.30,0.09,0.25,0.25,0.09,0.09,0.30,0.30,0.25,0.25,0.25,0.25,0.30,0.30,0.25,0.30,0.30,0.25,0.25,0.30,0.30,0.30,0.30,0.25,0.25,0.35,0.09,0.25,0.25,0.35,0.09,0.25,0.25,0.09,0.30,0.25,0.09,0.09,0.25,0.09,0.30,0.09,0.35,0.30,0.09,0.09,0.09,0.30,0.09,0.09,0.35,0.09,0.35,0.09,0.30,0.09,0.30,0.30,0.25,0.30,0.30,0.09,0.25,0.09,0.25,0.25,0.09,0.30,0.25,0.30,0.30,0.30,0.25,0.30,0.25,0.25,0.25,0.25,0.30,0.25,0.25,0.25,0.09,0.25,0.30,0.35,0.09,0.30,0.09,0.25,0.09,0.25,0.35,0.25,0.25,0.25,0.25,0.25,0.25,0.25,0.25,0.25,0.25,0.09,0.09,0.09,0.35,0.09,0.09,0.25,0.25,0.25,0.25,0.09,0.09,0.09,0.09,0.09,0.25,0.09,0.09,0.09,0.09,0.09,0.09,0.25,0.25,0.25,0.09
1960,0.35,0.35,0.30,0.10,0.35,0.35,0.30,0.25,0.30,0.35,0.30,0.30,0.30,0.30,0.30,0.25,0.10,0.30,0.25,0.30,0.30,0.30,0.30,0.35,0.30,0.35,0.30,0.30,0.25,0.35,0.35,0.25,0.25,0.25,0.30,0.10,0.25,0.35,0.35,0.30,0.10,0.25,0.25,0.10,0.10,0.30,0.30,0.25,0.25,0.25,0.25,0.30,0.30,0.25,0.30,0.30,0.25,0.25,0.30,0.30,0.30,0.30,0.25,0.25,0.35,0.10,0.25,0.25,0.35,0.10,0.25,0.25,0.10,0.30,0.25,0.10,0.10,0.25,0.10,0.30,0.10,0.35,0.30,0.10,0.10,0.10,0.30,0.10,0.10,0.35,0.10,0.35,0.10,0.30,0.10,0.30,0.30,0.25,0.30,0.30,0.10,0.25,0.10,0.25,0.25,0.10,0.30,0.25,0.30,0.30,0.30,0.25,0.30,0.25,0.25,0.25,0.25,0.30,0.25,0.25,0.25,0.10,0.25,0.30,0.35,0.10,0.30,0.10,0.25,0.10,0.25,0.35,0.25,0.25,0.25,0.25,0.25,0.25,0.25,0.25,0.25,0.25,0.10,0.10,0.10,0.35,0.10,0.10,0.25,0.25,0.25,0.25,0.10,0.10,0.10,0.10,0.10,0.25,0.10,0.10,0.10,0.10,0.10,0.10,0.25,0.25,0.25,0.10
1961,0.35,0.35,0.30,0.10,0.35,0.35,0.30,0.25,0.30,0.35,0.30,0.30,0.30,0.30,0.30,0.25,0.10,0.30,0.25,0.30,0.30,0.30,0.30,0.35,0.30,0.35,0.30,0.30,0.25,0.35,0.35,0.25,0.25,0.25,0.30,0.10,0.25,0.35,0.35,0.30,0.10,0.25,0.25,0.10,0.10,0.30,0.30,0.25,0.25,0.25,0.25,0.30,0.30,0.25,0.30,0.30,0.25,0.25,0.30,0.30,0.30,0.30,0.25,0.25,0.35,0.10,0.25,0.25,0.35,0.10,0.25,0.25,0.10,0.30,0.25,0.10,0.10,0.25,0.10,0.30,0.10,0.35,0.30,0.10,0.10,0.10,0.30,0.10,0.10,0.35,0.10,0.35,0.10,0.30,0.10,0.30,0.30,0.25,0.30,0.30,0.10,0.25,0.10,0.25,0.25,0.10,0.30,0.25,0.30,0.30,0.30,0.25,0.30,0.25,0.25,0.25,0.25,0.30,0.25,0.25,0.25,0.10,0.25,0.30,0.35,0.10,0.30,0.10,0.25,0.10,0.25,0.35,0.25,0.25,0.25,0.25,0.25,0.25,0.25,0.25,0.25,0.25,0.10,0.10,0.10,0.35,0.10,0.10,0.25,0.25,0.25,0.25,0.10,0.10,0.10,0.10,0.10,0.25,0.10,0.10,0.10,0.10,0.10,0.10,0.25,0.25,0.25,0.10
1962,0.35,0.35,0.30,0.11,0.35,0.35,0.30,0.25,0.30,0.35,0.30,0.30,0.30,0.30,0.30,0.25,0.11,0.30,0.25,0.30,0.30,0.30,0.30,0.35,0.30,0.35,0.30,0.30,0.25,0.35,0.35,0.25,0.25,0.25,0.30,0.11,0.25,0.35,0.35,0.30,0.11,0.25,0.25,0.11,0.11,0.30,0.30,0.25,0.25,0.25,0.25,0.30,0.30,0.25,0.30,0.30,0.25,0.25,0.30,0.30,0.30,0.30,0.25,0.25,0.35,0.11,0.25,0.25,0.35,0.11,0.25,0.25,0.11,0.30,0.25,0.11,0.11,0.25,0.11,0.30,0.11,0.35,0.30,0.11,0.11,0.11,0.30,0.11,0.11,0.35,0.11,0.35,0.11,0.30,0.11,0.30,0.30,0.25,0.30,0.30,0.11,0.25,0.11,0.25,0.25,0.11,0.30,0.25,0.30,0.30,0.30,0.25,0.30,0.25,0.25,0.25,0.25,0.30,0.25,0.25,0.25,0.11,0.25,0.30,0.35,0.11,0.30,0.11,0.25,0.11,0.25,0.35,0.25,0.25,0.25,0.25,0.25,0.25,0.25,0.25,0.25,0.25,0.11,0.11,0.11,0.35,0.11,0.11,0.25,0.25,0.25,0.25,0.11,0.11,0.11,0.11,0.11,0.25,0.11,0.11,0.11,0.11,0.11,0.11,0.25,0.25,0.25,0.11
1963,0.35,0.35,0.30,0.11,0.35,0.35,0.30,0.25,0.30,0.35,0.30,0.30,0.30,0.30,0.30,0.25,0.11,0.30,0.25,0.30,0.30,0.30,0.30,0.35,0.30,0.35,0.30,0.30,0.25,0.35,0.35,0.25,0.25,0.25,0.30,0.11,0.25,0.35,0.35,0.30,0.11,0.25,0.25,0.11,0.11,0.30,0.30,0.25,0.25,0.25,0.25,0.30,0.30,0.25,0.30,0.30,0.25,0.25,0.30,0.30,0.30,0.30,0.25,0.25,0.35,0.11,0.25,0.25,0.35,0.11,0.25,0.25,0.11,0.30,0.25,0.11,0.11,0.25,0.11,0.30,0.11,0.35,0.30,0.11,0.11,0.11,0.30,0.11,0.11,0.35,0.11,0.35,0.11,0.30,0.11,0.30,0.30,0.25,0.30,0.30,0.11,0.25,0.11,0.25,0.25,0.11,0.30,0.25,0.30,0.30,0.30,0.25,0.30,0.25,0.25,0.25,0.25,0.30,0.25,0.25,0.25,0.11,0.25,0.30,0.35,0.11,0.30,0.11,0.25,0.11,0.25,0.35,0.25,0.25,0.25,0.25,0.25,0.25,0.25,0.25,0.25,0.25,0.11,0.11,0.11,0.35,0.11,0.11,0.25,0.25,0.25,0.25,0.11,0.11,0.11,0.11,0.11,0.25,0.11,0.11,0.11,0.11,0.11,0.11,0.25,0.25,0.25,0.11
1964,0.35,0.35,0.30,0.11,0.35,0.35,0.30,0.25,0.30,0.35,0.30,0.30,0.30,0.30,0.30,0.25,0.11,0.30,0.25,0.30,0.30,0.30,0.30,0.35,0.30,0.35,0.30,0.30,0.25,0.35,0.35,0.25,0.25,0.25,0.30,0.11,0.25,0.35,0.35,0.30,0.11,0.25,0.25,0.11,0.11,0.30,0.30,0.25,0.25,0.25,0.25,0.30,0.30,0.25,0.30,0.30,0.25,0.25,0.30,0.30,0.30,0.30,0.25,0.25,0.35,0.11,0.25,0.25,0.35,0.11,0.25,0.25,0.11,0.30,0.25,0.11,0.11,0.25,0.11,0.30,0.11,0.35,0.30,0.11,0.11,0.11,0.30,0.11,0.11,0.35,0.11,0.35,0.11,0.30,0.11,0.30,0.30,0.25,0.30,0.30,0.11,0.25,0.11,0.25,0.25,0.11,0.30,0.25,0.30,0.30,0.30,0.25,0.30,0.25,0.25,0.25,0.25,0.30,0.25,0.25,0.25,0.11,0.25,0.30,0.35,0.11,0.30,0.11,0.25,0.11,0.25,0.35,0.25,0.25,0.25,0.25,0.25,0.25,0.25,0.25,0.25,0.25,0.11,0.11,0.11,0.35,0.11,0.11,0.25,0.25,0.25,0.25,0.11,0.11,0.11,0.11,0.11,0.25,0.11,0.11,0.11,0.11,0.11,0.11,0.25,0.25,0.25,0.11
1965,0.35,0.35,0.30,0.12,0.35,0.35,0.30,0.25,0.30,0.35,0.30,0.30,0.30,0.30,0.30,0.25,0.12,0.30,0.25,0.30,0.30,0.30,0.30,0.35,0.30,0.35,0.30,0.30,0.25,0.35,0.35,0.25,0.25,0.25,0.30,0.12,0.25,0.35,0.35,0.30,0.12,0.25,0.25,0.12,0.12,0.30,0.30,0.25,0.25,0.25,0.25,0.30,0.30,0.25,0.30,0.30,0.25,0.25,0.30,0.30,0.30,0.30,0.25,0.25,0.35,0.12,0.25,0.25,0.35,0.12,0.25,0.25,0.12,0.30,0.25,0.12,0.12,0.25,0.12,0.30,0.12,0.35,0.30,0.12,0.12,0.12,0.30,0.12,0.12,0.35,0.12,0.35,0.12,0.30,0.12,0.30,0.30,0.25,0.30,0.30,0.12,0.25,0.12,0.25,0.25,0.12,0.30,0.25,0.30,0.30,0.30,0.25,0.30,0.25,0.25,0.25,0.25,0.30,0.25,0.25,0.25,0.12,0.25,0.30,0.35,0.12,0.30,0.12,0.25,0.12,0.25,0.35,0.25,0.25,0.25,0.25,0.25,0.25,0.25,0.25,0.25,0.25,0.12,0.12,0.12,0.35,0.12,0.12,0.25,0.25,0.25,0.25,0.12,0.12,0.12,0.12,0.12,0.25,0.12,0.12,0.12,0.12,0.12,0.12,0.25,0.25,0.25,0.12
1966,0.35,0.35,0.30,0.12,0.35,0.35,0.30,0.25,0.30,0.35,0.30,0.30,0.30,0.30,0.30,0.25,0.12,0.30,0.25,0.30,0.30,0.30,0.30,0.35,0.30,0.35,0.30,0.30,0.25,0.35,0.35,0.25,0.25,0.25,0.30,0.12,0.25,0.35,0.35,0.30,0.12,0.25,0.25,0.12,0.12,0.30,0.30,0.25,0.25,0.25,0.25,0.30,0.30,0.25,0.30,0.30,0.25,0.25,0.30,0.30,0.30,0.30,0.25,0.25,0.35,0.12,0.25,0.25,0.35,0.12,0.25,0.25,0.12,0.30,0.25,0.12,0.12,0.25,0.12,0.30,0.12,0.35,0.30,0.12,0.12,0.12,0.30,0.12,0.12,0.35,0.12,0.35,0.12,0.30,0.12,0.30,0.30,0.25,0.30,0.30,0.12,0.25,0.12,0.25,0.25,0.12,0.30,0.25,0.30,0.30,0.30,0.25,0.30,0.25,0.25,0.25,0.25,0.30,0.25,0.25,0.25,0.12,0.25,0.30,0.35,0.12,0.30,0.12,0.25,0.12,0.25,0.35,0.25,0.25,0.25,0.25,0.25,0.25,0.25,0.25,0.25,0.25,0.12,0.12,0.12,0.35,0.12,0.12,0.25,0.25,0.25,0.25,0.12,0.12,0.12,0.12,0.12,0.25,0.12,0.12,0.12,0.12,0.12,0.12,0.25,0.25,0.25,0.12
1967,0.35,0.35,0.30,0.13,0.35,0.35,0.30,0.25,0.30,0.35,0.30,0.30,0.30,0.30,0.30,0.25,0.13,0.30,0.25,0.30,0.30,0.30,0.30,0.35,0.30,0.35,0.30,0.30,0.25,0.35,0.35,0.25,0.25,0.25,0.30,0.13,0.25,0.35,0.35,0.30,0.13,0.25,0.25,0.13,0.13,0.30,0.30,0.25,0.25,0.25,0.25,0.30,0.30,0.25,0.30,0.30,0.25,0.25,0.30,0.30,0.30,0.30,0.25,0.25,0.35,0.13,0.25,0.25,0.35,0.13,0.25,0.25,0.13,0.30,0.25,0.13,0.13,0.25,0.13,0.30,0.13,0.35,0.30,0.13,0.13,0.13,0.30,0.13,0.13,0.35,0.13,0.35,0.13,0.30,0.13,0.30,0.30,0.25,0.30,0.30,0.13,0.25,0.13,0.25,0.25,0.13,0.30,0.25,0.30,0.30,0.30,0.25,0.30,0.25,0.25,0.25,0.25,0.30,0.25,0.25,0.25,0.13,0.25,0.30,0.35,0.13,0.30,0.13,0.25,0.13,0.25,0.35,0.25,0.25,0.25,0.25,0.25,0.25,0.25,0.25,0.25,0.25,0.13,0.13,0.13,0.35,0.13,0.13,0.25,0.25,0.25,0.25,0.13,0.13,0.13,0.13,0.13,0.25,0.13,0.13,0.13,0.13,0.13,0.13,0.25,0.25,0.25,0.13
1968,0.35,0.35,0.30,0.13,0.35,0.35,0.30,0.25,0.30,0.35,0.30,0.30,0.30,0.30,0.30,0.25,0.13,0.30,0.25,0.30,0.30,0.30,0.30,0.35,0.30,0.35,0.30,0.30,0.25,0.35,0.35,0.25,0.25,0.25,0.30,0.13,0.25,0.35,0.35,0.30,0.13,0.25,0.25,0.13,0.13,0.30,0.30,0.25,0.25,0.25,0.25,0.30,0.30,0.25,0.30,0.30,0.25,0.25,0.30,0.30,0.30,0.30,0.25,0.25,0.35,0.13,0.25,0.25,0.35,0.13,0.25,0.25,0.13,0.30,0.25,0.13,0.13,0.25,0.13,0.30,0.13,0.35,0.30,0.13,0.13,0.13,0.30,0.13,0.13,0.35,0.13,0.35,0.13,0.30,0.13,0.30,0.30,0.25,0.30,0.30,0.13,0.25,0.13,0.25,0.25,0.13,0.30,0.25,0.30,0.30,0.30,0.25,0.30,0.25,0.25,0.25,0.25,0.30,0.25,0.25,0.25,0.13,0.25,0.30,0.35,0.13,0.30,0.13,0.25,0.13,0.25,0.35,0.25,0.25,0.25,0.25,0.25,0.25,0.25,0.25,0.25,0.25,0.13,0.13,0.13,0.35,0.13,0.13,0.25,0.25,0.25,0.25,0.13,0.13,0.13,0.13,0.13,0.25,0.13,0.13,0.13,0.13,0.13,0.13,0.25,0.25,0.25,0.13
1969,0.35,0.35,0.30,0.13,0.35,0.35,0.30,0.25,0.30,0.35,0.30,0.30,0.30,0.30,0.30,0.25,0.13,0.30,0.25,0.30,0.30,0.30,0.30,0.35,0.30,0.35,0.30,0.30,0.25,0.35,0.35,0.25,0.25,0.25,0.30,0.13,0.25,0.35,0.35,0.30,0.13,0.25,0.25,0.13,0.13,0.30,0.30,0.25,0.25,0.25,0.25,0.30,0.30,0.25,0.30,0.30,0.25,0.25,0.30,0.30,0.30,0.30,0.25,0.25,0.35,0.13,0.25,0.25,0.35,0.13,0.25,0.25,0.13,0.30,0.25,0.13,0.13,0.25,0.13,0.30,0.13,0.35,0.30,0.13,0.13,0.13,0.30,0.13,0.13,0.35,0.13,0.35,0.13,0.30,0.13,0.30,0.30,0.25,0.30,0.30,0.13,0.25,0.13,0.25,0.25,0.13,0.30,0.25,0.30,0.30,0.30,0.25,0.30,0.25,0.25,0.25,0.25,0.30,0.25,0.25,0.25,0.13,0.25,0.30,0.35,0.13,0.30,0.13,0.25,0.13,0.25,0.35,0.25,0.25,0.25,0.25,0.25,0.25,0.25,0.25,0.25,0.25,0.13,0.13,0.13,0.35,0.13,0.13,0.25,0.25,0.25,0.25,0.13,0.13,0.13,0.13,0.13,0.25,0.13,0.13,0.13,0.13,0.13,0.13,0.25,0.25,0.25,0.13
1970,0.35,0.35,0.30,0.14,0.35,0.35,0.30,0.25,0.30,0.35,0.30,0.30,0.30,0.30,0.30,0.25,0.14,0.30,0.25,0.30,0.30,0.30,0.30,0.35,0.30,0.35,0.30,0.30,0.25,0.35,0.35,0.25,0.25,0.25,0.30,0.14,0.25,0.35,0.35,0.30,0.14,0.25,0.25,0.14,0.14,0.30,0.30,0.25,0.25,0.25,0.25,0.30,0.30,0.25,0.30,0.30,0.25,0.25,0.30,0.30,0.30,0.30,0.25,0.25,0.35,0.14,0.25,0.25,0.35,0.14,0.25,0.25,0.14,0.30,0.25,0.14,0.14,0.25,0.14,0.30,0.14,0.35,0.30,0.14,0.14,0.14,0.30,0.14,0.14,0.35,0.14,0.35,0.14,0.30,0.14,0.30,0.30,0.25,0.30,0.30,0.14,0.25,0.14,0.25,0.25,0.14,0.30,0.25,0.30,0.30,0.30,0.25,0.30,0.25,0.25,0.25,0.25,0.30,0.25,0.25,0.25,0.14,0.25,0.30,0.35,0.14,0.30,0.14,0.25,0.14,0.25,0.35,0.25,0.25,0.25,0.25,0.25,0.25,0.25,0.25,0.25,0.25,0.14,0.14,0.14,0.35,0.14,0.14,0.25,0.25,0.25,0.25,0.14,0.14,0.14,0.14,0.14,0.25,0.14,0.14,0.14,0.14,0.14,0.14,0.25,0.25,0.25,0.14
1971,0.35,0.35,0.30,0.14,0.35,0.35,0.30,0.25,0.30,0.35,0.30,0.30,0.30,0.30,0.30,0.25,0.14,0.30,0.25,0.30,0.30,0.30,0.30,0.35,0.30,0.35,0.30,0.30,0.25,0.35,0.35,0.25,0.25,0.25,0.30,0.14,0.25,0.35,0.35,0.30,0.14,0.25,0.25,0.14,0.14,0.30,0.30,0.25,0.25,0.25,0.25,0.30,0.30,0.25,0.30,0.30,0.25,0.25,0.30,0.30,0.30,0.30,0.25,0.25,0.35,0.14,0.25,0.25,0.35,0.14,0.25,0.25,0.14,0.30,0.25,0.14,0.14,0.25,0.14,0.30,0.14,0.35,0.30,0.14,0.14,0.14,0.30,0.14,0.14,0.35,0.14,0.35,0.14,0.30,0.14,0.30,0.30,0.25,0.30,0.30,0.14,0.25,0.14,0.25,0.25,0.14,0.30,0.25,0.30,0.30,0.30,0.25,0.30,0.25,0.25,0.25,0.25,0.30,0.25,0.25,0.25,0.14,0.25,0.30,0.35,0.14,0.30,0.14,0.25,0.14,0.25,0.35,0.25,0.25,0.25,0.25,0.25,0.25,0.25,0.25,0.25,0.25,0.14,0.14,0.14,0.35,0.14,0.14,0.25,0.25,0.25,0.25,0.14,0.14,0.14,0.14,0.14,0.25,0.14,0.14,0.14,0.14,0.14,0.14,0.25,0.25,0.25,0.14
1972,0.35,0.35,0.30,0.15,0.35,0.35,0.30,0.25,0.30,0.35,0.30,0.30,0.30,0.30,0.30,0.25,0.15,0.30,0.25,0.30,0.30,0.30,0.30,0.35,0.30,0.35,0.30,0.30,0.25,0.35,0.35,0.25,0.25,0.25,0.30,0.15,0.25,0.35,0.35,0.30,0.15,0.25,0.25,0.15,0.15,0.30,0.30,0.25,0.25,0.25,0.25,0.30,0.30,0.25,0.30,0.30,0.25,0.25,0.30,0.30,0.30,0.30,0.25,0.25,0.35,0.15,0.25,0.25,0.35,0.15,0.25,0.25,0.15,0.30,0.25,0.15,0.15,0.25,0.15,0.30,0.15,0.35,0.30,0.15,0.15,0.15,0.30,0.15,0.15,0.35,0.15,0.35,0.15,0.30,0.15,0.30,0.30,0.25,0.30,0.30,0.15,0.25,0.15,0.25,0.25,0.15,0.30,0.25,0.30,0.30,0.30,0.25,0.30,0.25,0.25,0.25,0.25,0.30,0.25,0.25,0.25,0.15,0.25,0.30,0.35,0.15,0.30,0.15,0.25,0.15,0.25,0.35,0.25,0.25,0.25,0.25,0.25,0.25,0.25,0.25,0.25,0.25,0.15,0.15,0.15,0.35,0.15,0.15,0.25,0.25,0.25,0.25,0.15,0.15,0.15,0.15,0.15,0.25,0.15,0.15,0.15,0.15,0.15,0.15,0.25,0.25,0.25,0.15
1973,0.35,0.35,0.30,0.15,0.35,0.35,0.30,0.25,0.30,0.35,0.30,0.30,0.30,0.30,0.30,0.25,0.15,0.30,0.25,0.30,0.30,0.30,0.30,0.35,0.30,0.35,0.30,0.30,0.25,0.35,0.35,0.25,0.25,0.25,0.30,0.15,0.25,0.35,0.35,0.30,0.15,0.25,0.25,0.15,0.15,0.30,0.30,0.25,0.25,0.25,0.25,0.30,0.30,0.25,0.30,0.30,0.25,0.25,0.30,0.30,0.30,0.30,0.25,0.25,0.35,0.15,0.25,0.25,0.35,0.15,0.25,0.25,0.15,0.30,0.25,0.15,0.15,0.25,0.15,0.30,0.15,0.35,0.30,0.15,0.15,0.15,0.30,0.15,0.15,0.35,0.15,0.35,0.15,0.30,0.15,0.30,0.30,0.25,0.30,0.30,0.15,0.25,0.15,0.25,0.25,0.15,0.30,0.25,0.30,0.30,0.30,0.25,0.30,0.25,0.25,0.25,0.25,0.30,0.25,0.25,0.25,0.15,0.25,0.30,0.35,0.15,0.30,0.15,0.25,0.15,0.25,0.35,0.25,0.25,0.25,0.25,0.25,0.25,0.25,0.25,0.25,0.25,0.15,0.15,0.15,0.35,0.15,0.15,0.25,0.25,0.25,0.25,0.15,0.15,0.15,0.15,0.15,0.25,0.15,0.15,0.15,0.15,0.15,0.15,0.25,0.25,0.25,0.15
1974,0.35,0.35,0.30,0.16,0.35,0.35,0.30,0.25,0.30,0.35,0.30,0.30,0.30,0.30,0.30,0.25,0.16,0.30,0.25,0.30,0.30,0.30,0.30,0.35,0.30,0.35,0.30,0.30,0.25,0.35,0.35,0.25,0.25,0.25,0.30,0.16,0.25,0.35,0.35,0.30,0.16,0.25,0.25,0.16,0.16,0.30,0.30,0.25,0.25,0.25,0.25,0.30,0.30,0.25,0.30,0.30,0.25,0.25,0.30,0.30,0.30,0.30,0.25,0.25,0.35,0.16,0.25,0.25,0.35,0.16,0.25,0.25,0.16,0.30,0.25,0.16,0.16,0.25,0.16,0.30,0.16,0.35,0.30,0.16,0.16,0.16,0.30,0.16,0.16,0.35,0.16,0.35,0.16,0.30,0.16,0.30,0.30,0.25,0.30,0.30,0.16,0.25,0.16,0.25,0.25,0.16,0.30,0.25,0.30,0.30,0.30,0.25,0.30,0.25,0.25,0.25,0.25,0.30,0.25,0.25,0.25,0.16,0.25,0.30,0.35,0.16,0.30,0.16,0.25,0.16,0.25,0.35,0.25,0.25,0.25,0.25,0.25,0.25,0.25,0.25,0.25,0.25,0.16,0.16,0.16,0.35,0.16,0.16,0.25,0.25,0.25,0.25,0.16,0.16,0.16,0.16,0.16,0.25,0.16,0.16,0.16,0.16,0.16,0.16,0.25,0.25,0.25,0.16
1975,0.35,0.35,0.30,0.16,0.35,0.35,0.30,0.25,0.30,0.35,0.30,0.30,0.30,0.30,0.30,0.25,0.16,0.30,0.25,0.30,0.30,0.30,0.30,0.35,0.30,0.35,0.30,0.30,0.25,0.35,0.35,0.25,0.25,0.25,0.30,0.16,0.25,0.35,0.35,0.30,0.16,0.25,0.25,0.16,0.16,0.30,0.30,0.25,0.25,0.25,0.25,0.30,0.30,0.25,0.30,0.30,0.25,0.25,0.30,0.30,0.30,0.30,0.25,0.25,0.35,0.16,0.25,0.25,0.35,0.16,0.25,0.25,0.16,0.30,0.25,0.16,0.16,0.25,0.16,0.30,0.16,0.35,0.30,0.16,0.16,0.16,0.30,0.16,0.16,0.35,0.16,0.35,0.16,0.30,0.16,0.30,0.30,0.25,0.30,0.30,0.16,0.25,0.16,0.25,0.25,0.16,0.30,0.25,0.30,0.30,0.30,0.25,0.30,0.25,0.25,0.25,0.25,0.30,0.25,0.25,0.25,0.16,0.25,0.30,0.35,0.16,0.30,0.16,0.25,0.16,0.25,0.35,0.25,0.25,0.25,0.25,0.25,0.25,0.25,0.25,0.25,0.25,0.16,0.16,0.16,0.35,0.16,0.16,0.25,0.25,0.25,0.25,0.16,0.16,0.16,0.16,0.16,0.25,0.16,0.16,0.16,0.16,0.16,0.16,0.25,0.25,0.25,0.16
1976,0.35,0.35,0.30,0.18,0.35,0.35,0.30,0.25,0.30,0.35,0.30,0.30,0.30,0.30,0.30,0.25,0.18,0.30,0.25,0.30,0.30,0.30,0.30,0.35,0.30,0.35,0.30,0.30,0.25,0.35,0.35,0.25,0.25,0.25,0.30,0.18,0.25,0.35,0.35,0.30,0.18,0.25,0.25,0.18,0.18,0.30,0.30,0.25,0.25,0.25,0.25,0.30,0.30,0.25,0.30,0.30,0.25,0.25,0.30,0.30,0.30,0.30,0.25,0.25,0.35,0.18,0.25,0.25,0.35,0.18,0.25,0.25,0.18,0.30,0.25,0.18,0.18,0.25,0.18,0.30,0.18,0.35,0.30,0.18,0.18,0.18,0.30,0.18,0.18,0.35,0.18,0.35,0.18,0.30,0.18,0.30,0.30,0.25,0.30,0.30,0.18,0.25,0.18,0.25,0.25,0.18,0.30,0.25,0.30,0.30,0.30,0.25,0.30,0.25,0.25,0.25,0.25,0.30,0.25,0.25,0.25,0.18,0.25,0.30,0.35,0.18,0.30,0.18,0.25,0.18,0.25,0.35,0.25,0.25,0.25,0.25,0.25,0.25,0.25,0.25,0.25,0.25,0.18,0.18,0.18,0.35,0.18,0.18,0.25,0.25,0.25,0.25,0.18,0.18,0.18,0.18,0.18,0.25,0.18,0.18,0.18,0.18,0.18,0.18,0.25,0.25,0.25,0.18
1977,0.35,0.35,0.30,0.19,0.35,0.35,0.30,0.25,0.30,0.35,0.30,0.30,0.30,0.30,0.30,0.25,0.19,0.30,0.25,0.30,0.30,0.30,0.30,0.35,0.30,0.35,0.30,0.30,0.25,0.35,0.35,0.25,0.25,0.25,0.30,0.19,0.25,0.35,0.35,0.30,0.19,0.25,0.25,0.19,0.19,0.30,0.30,0.25,0.25,0.25,0.25,0.30,0.30,0.25,0.30,0.30,0.25,0.25,0.30,0.30,0.30,0.30,0.25,0.25,0.35,0.19,0.25,0.25,0.35,0.19,0.25,0.25,0.19,0.30,0.25,0.19,0.19,0.25,0.19,0.30,0.19,0.35,0.30,0.19,0.19,0.19,0.30,0.19,0.19,0.35,0.19,0.35,0.19,0.30,0.19,0.30,0.30,0.25,0.30,0.30,0.19,0.25,0.19,0.25,0.25,0.19,0.30,0.25,0.30,0.30,0.30,0.25,0.30,0.25,0.25,0.25,0.25,0.30,0.25,0.25,0.25,0.19,0.25,0.30,0.35,0.19,0.30,0.19,0.25,0.19,0.25,0.35,0.25,0.25,0.25,0.25,0.25,0.25,0.25,0.25,0.25,0.25,0.19,0.19,0.19,0.35,0.19,0.19,0.25,0.25,0.25,0.25,0.19,0.19,0.19,0.19,0.19,0.25,0.19,0.19,0.19,0.19,0.19,0.19,0.25,0.25,0.25,0.19
1978,0.35,0.35,0.30,0.20,0.35,0.35,0.30,0.25,0.30,0.35,0.30,0.30,0.30,0.30,0.30,0.25,0.20,0.30,0.25,0.30,0.30,0.30,0.30,0.35,0.30,0.35,0.30,0.30,0.25,0.35,0.35,0.25,0.25,0.25,0.30,0.20,0.25,0.35,0.35,0.30,0.20,0.25,0.25,0.20,0.20,0.30,0.30,0.25,0.25,0.25,0.25,0.30,0.30,0.25,0.30,0.30,0.25,0.25,0.30,0.30,0.30,0.30,0.25,0.25,0.35,0.20,0.25,0.25,0.35,0.20,0.25,0.25,0.20,0.30,0.25,0.20,0.20,0.25,0.20,0.30,0.20,0.35,0.30,0.20,0.20,0.20,0.30,0.20,0.20,0.35,0.20,0.35,0.20,0.30,0.20,0.30,0.30,0.25,0.30,0.30,0.20,0.25,0.20,0.25,0.25,0.20,0.30,0.25,0.30,0.30,0.30,0.25,0.30,0.25,0.25,0.25,0.25,0.30,0.25,0.25,0.25,0.20,0.25,0.30,0.35,0.20,0.30,0.20,0.25,0.20,0.25,0.35,0.25,0.25,0.25,0.25,0.25,0.25,0.25,0.25,0.25,0.25,0.20,0.20,0.20,0.35,0.20,0.20,0.25,0.25,0.25,0.25,0.20,0.20,0.20,0.20,0.20,0.25,0.20,0.20,0.20,0.20,0.20,0.20,0.25,0.25,0.25,0.20
1979,0.35,0.35,0.30,0.21,0.35,0.35,0.30,0.25,0.30,0.35,0.30,0.30,0.30,0.30,0.30,0.25,0.21,0.30,0.25,0.30,0.30,0.30,0.30,0.35,0.30,0.35,0.30,0.30,0.25,0.35,0.35,0.25,0.25,0.25,0.30,0.21,0.25,0.35,0.35,0.30,0.21,0.25,0.25,0.21,0.21,0.30,0.30,0.25,0.25,0.25,0.25,0.30,0.30,0.25,0.30,0.30,0.25,0.25,0.30,0.30,0.30,0.30,0.25,0.25,0.35,0.21,0.25,0.25,0.35,0.21,0.25,0.25,0.21,0.30,0.25,0.21,0.21,0.25,0.21,0.30,0.21,0.35,0.30,0.21,0.21,0.21,0.30,0.21,0.21,0.35,0.21,0.35,0.21,0.30,0.21,0.30,0.30,0.25,0.30,0.30,0.21,0.25,0.21,0.25,0.25,0.21,0.30,0.25,0.30,0.30,0.30,0.25,0.30,0.25,0.25,0.25,0.25,0.30,0.25,0.25,0.25,0.21,0.25,0.30,0.35,0.21,0.30,0.21,0.25,0.21,0.25,0.35,0.25,0.25,0.25,0.25,0.25,0.25,0.25,0.25,0.25,0.25,0.21,0.21,0.21,0.35,0.21,0.21,0.25,0.25,0.25,0.25,0.21,0.21,0.21,0.21,0.21,0.25,0.21,0.21,0.21,0.21,0.21,0.21,0.25,0.25,0.25,0.21
1980,0.35,0.35,0.30,0.22,0.35,0.35,0.30,0.25,0.30,0.35,0.30,0.30,0.30,0.30,0.30,0.25,0.22,0.30,0.25,0.30,0.30,0.30,0.30,0.35,0.30,0.35,0.30,0.30,0.25,0.35,0.35,0.25,0.25,0.25,0.30,0.22,0.25,0.35,0.35,0.30,0.22,0.25,0.25,0.22,0.22,0.30,0.30,0.25,0.25,0.25,0.25,0.30,0.30,0.25,0.30,0.30,0.25,0.25,0.30,0.30,0.30,0.30,0.25,0.25,0.35,0.22,0.25,0.25,0.35,0.22,0.25,0.25,0.22,0.30,0.25,0.22,0.22,0.25,0.22,0.30,0.22,0.35,0.30,0.22,0.22,0.22,0.30,0.22,0.22,0.35,0.22,0.35,0.22,0.30,0.22,0.30,0.30,0.25,0.30,0.30,0.22,0.25,0.22,0.25,0.25,0.22,0.30,0.25,0.30,0.30,0.30,0.25,0.30,0.25,0.25,0.25,0.25,0.30,0.25,0.25,0.25,0.22,0.25,0.30,0.35,0.22,0.30,0.22,0.25,0.22,0.25,0.35,0.25,0.25,0.25,0.25,0.25,0.25,0.25,0.25,0.25,0.25,0.22,0.22,0.22,0.35,0.22,0.22,0.25,0.25,0.25,0.25,0.22,0.22,0.22,0.22,0.22,0.25,0.22,0.22,0.22,0.22,0.22,0.22,0.25,0.25,0.25,0.22
1981,0.35,0.35,0.30,0.22,0.35,0.35,0.30,0.25,0.30,0.35,0.30,0.30,0.30,0.30,0.30,0.25,0.22,0.30,0.25,0.30,0.30,0.30,0.30,0.35,0.30,0.35,0.30,0.30,0.25,0.35,0.35,0.25,0.25,0.25,0.30,0.22,0.25,0.35,0.35,0.30,0.22,0.25,0.25,0.22,0.22,0.30,0.30,0.25,0.25,0.25,0.25,0.30,0.30,0.25,0.30,0.30,0.25,0.25,0.30,0.30,0.30,0.30,0.25,0.25,0.35,0.22,0.25,0.25,0.35,0.22,0.25,0.25,0.22,0.30,0.25,0.22,0.22,0.25,0.22,0.30,0.22,0.35,0.30,0.22,0.22,0.22,0.30,0.22,0.22,0.35,0.22,0.35,0.22,0.30,0.22,0.30,0.30,0.25,0.30,0.30,0.22,0.25,0.22,0.25,0.25,0.22,0.30,0.25,0.30,0.30,0.30,0.25,0.30,0.25,0.25,0.25,0.25,0.30,0.25,0.25,0.25,0.22,0.25,0.30,0.35,0.22,0.30,0.22,0.25,0.22,0.25,0.35,0.25,0.25,0.25,0.25,0.25,0.25,0.25,0.25,0.25,0.25,0.22,0.22,0.22,0.35,0.22,0.22,0.25,0.25,0.25,0.25,0.22,0.22,0.22,0.22,0.22,0.25,0.22,0.22,0.22,0.22,0.22,0.22,0.25,0.25,0.25,0.22
1982,0.35,0.35,0.30,0.23,0.35,0.35,0.30,0.25,0.30,0.35,0.30,0.30,0.30,0.30,0.30,0.25,0.23,0.30,0.25,0.30,0.30,0.30,0.30,0.35,0.30,0.35,0.30,0.30,0.25,0.35,0.35,0.25,0.25,0.25,0.30,0.23,0.25,0.35,0.35,0.30,0.23,0.25,0.25,0.23,0.23,0.30,0.30,0.25,0.25,0.25,0.25,0.30,0.30,0.25,0.30,0.30,0.25,0.25,0.30,0.30,0.30,0.30,0.25,0.25,0.35,0.23,0.25,0.25,0.35,0.23,0.25,0.25,0.23,0.30,0.25,0.23,0.23,0.25,0.23,0.30,0.23,0.35,0.30,0.23,0.23,0.23,0.30,0.23,0.23,0.35,0.23,0.35,0.23,0.30,0.23,0.30,0.30,0.25,0.30,0.30,0.23,0.25,0.23,0.25,0.25,0.23,0.30,0.25,0.30,0.30,0.30,0.25,0.30,0.25,0.25,0.25,0.25,0.30,0.25,0.25,0.25,0.23,0.25,0.30,0.35,0.23,0.30,0.23,0.25,0.23,0.25,0.35,0.25,0.25,0.25,0.25,0.25,0.25,0.25,0.25,0.25,0.25,0.23,0.23,0.23,0.35,0.23,0.23,0.25,0.25,0.25,0.25,0.23,0.23,0.23,0.23,0.23,0.25,0.23,0.23,0.23,0.23,0.23,0.23,0.25,0.25,0.25,0.23
1983,0.35,0.35,0.30,0.23,0.35,0.35,0.30,0.25,0.30,0.35,0.30,0.30,0.30,0.30,0.30,0.25,0.23,0.30,0.25,0.30,0.30,0.30,0.30,0.35,0.30,0.35,0.30,0.30,0.25,0.35,0.35,0.25,0.25,0.25,0.30,0.23,0.25,0.35,0.35,0.30,0.23,0.25,0.25,0.23,0.23,0.30,0.30,0.25,0.25,0.25,0.25,0.30,0.30,0.25,0.30,0.30,0.25,0.25,0.30,0.30,0.30,0.30,0.25,0.25,0.35,0.23,0.25,0.25,0.35,0.23,0.25,0.25,0.23,0.30,0.25,0.23,0.23,0.25,0.23,0.30,0.23,0.35,0.30,0.23,0.23,0.23,0.30,0.23,0.23,0.35,0.23,0.35,0.23,0.30,0.23,0.30,0.30,0.25,0.30,0.30,0.23,0.25,0.23,0.25,0.25,0.23,0.30,0.25,0.30,0.30,0.30,0.25,0.30,0.25,0.25,0.25,0.25,0.30,0.25,0.25,0.25,0.23,0.25,0.30,0.35,0.23,0.30,0.23,0.25,0.23,0.25,0.35,0.25,0.25,0.25,0.25,0.25,0.25,0.25,0.25,0.25,0.25,0.23,0.23,0.23,0.35,0.23,0.23,0.25,0.25,0.25,0.25,0.23,0.23,0.23,0.23,0.23,0.25,0.23,0.23,0.23,0.23,0.23,0.23,0.25,0.25,0.25,0.23
1984,0.35,0.35,0.30,0.24,0.35,0.35,0.30,0.25,0.30,0.35,0.30,0.30,0.30,0.30,0.30,0.25,0.24,0.30,0.25,0.30,0.30,0.30,0.30,0.35,0.30,0.35,0.30,0.30,0.25,0.35,0.35,0.25,0.25,0.25,0.30,0.24,0.25,0.35,0.35,0.30,0.24,0.25,0.25,0.24,0.24,0.30,0.30,0.25,0.25,0.25,0.25,0.30,0.30,0.25,0.30,0.30,0.25,0.25,0.30,0.30,0.30,0.30,0.25,0.25,0.35,0.24,0.25,0.25,0.35,0.24,0.25,0.25,0.24,0.30,0.25,0.24,0.24,0.25,0.24,0.30,0.24,0.35,0.30,0.24,0.24,0.24,0.30,0.24,0.24,0.35,0.24,0.35,0.24,0.30,0.24,0.30,0.30,0.25,0.30,0.30,0.24,0.25,0.24,0.25,0.25,0.24,0.30,0.25,0.30,0.30,0.30,0.25,0.30,0.25,0.25,0.25,0.25,0.30,0.25,0.25,0.25,0.24,0.25,0.30,0.35,0.24,0.30,0.24,0.25,0.24,0.25,0.35,0.25,0.25,0.25,0.25,0.25,0.25,0.25,0.25,0.25,0.25,0.24,0.24,0.24,0.35,0.24,0.24,0.25,0.25,0.25,0.25,0.24,0.24,0.24,0.24,0.24,0.25,0.24,0.24,0.24,0.24,0.24,0.24,0.25,0.25,0.25,0.24
1985,0.35,0.35,0.30,0.24,0.35,0.35,0.30,0.25,0.30,0.35,0.30,0.30,0.30,0.30,0.30,0.25,0.24,0.30,0.25,0.30,0.30,0.30,0.30,0.35,0.30,0.35,0.30,0.30,0.25,0.35,0.35,0.25,0.25,0.25,0.30,0.24,0.25,0.35,0.35,0.30,0.24,0.25,0.25,0.24,0.24,0.30,0.30,0.25,0.25,0.25,0.25,0.30,0.30,0.25,0.30,0.30,0.25,0.25,0.30,0.30,0.30,0.30,0.25,0.25,0.35,0.24,0.25,0.25,0.35,0.24,0.25,0.25,0.24,0.30,0.25,0.24,0.24,0.25,0.24,0.30,0.24,0.35,0.30,0.24,0.24,0.24,0.30,0.24,0.24,0.35,0.24,0.35,0.24,0.30,0.24,0.30,0.30,0.25,0.30,0.30,0.24,0.25,0.24,0.25,0.25,0.24,0.30,0.25,0.30,0.30,0.30,0.25,0.30,0.25,0.25,0.25,0.25,0.30,0.25,0.25,0.25,0.24,0.25,0.30,0.35,0.24,0.30,0.24,0.25,0.24,0.25,0.35,0.25,0.25,0.25,0.25,0.25,0.25,0.25,0.25,0.25,0.25,0.24,0.24,0.24,0.35,0.24,0.24,0.25,0.25,0.25,0.25,0.24,0.24,0.24,0.24,0.24,0.25,0.24,0.24,0.24,0.24,0.24,0.24,0.25,0.25,0.25,0.24
1986,0.35,0.35,0.30,0.25,0.35,0.35,0.30,0.25,0.30,0.35,0.30,0.30,0.30,0.30,0.30,0.25,0.25,0.30,0.25,0.30,0.30,0.30,0.30,0.35,0.30,0.35,0.30,0.30,0.25,0.35,0.35,0.25,0.25,0.25,0.30,0.25,0.25,0.35,0.35,0.30,0.25,0.25,0.25,0.25,0.25,0.30,0.30,0.25,0.25,0.25,0.25,0.30,0.30,0.25,0.30,0.30,0.25,0.25,0.30,0.30,0.30,0.30,0.25,0.25,0.35,0.25,0.25,0.25,0.35,0.25,0.25,0.25,0.25,0.30,0.25,0.25,0.25,0.25,0.25,0.30,0.25,0.35,0.30,0.25,0.25,0.25,0.30,0.25,0.25,0.35,0.25,0.35,0.25,0.30,0.25,0.30,0.30,0.25,0.30,0.30,0.25,0.25,0.25,0.25,0.25,0.25,0.30,0.25,0.30,0.30,0.30,0.25,0.30,0.25,0.25,0.25,0.25,0.30,0.25,0.25,0.25,0.25,0.25,0.30,0.35,0.25,0.30,0.25,0.25,0.25,0.25,0.35,0.25,0.25,0.25,0.25,0.25,0.25,0.25,0.25,0.25,0.25,0.25,0.25,0.25,0.35,0.25,0.25,0.25,0.25,0.25,0.25,0.25,0.25,0.25,0.25,0.25,0.25,0.25,0.25,0.25,0.25,0.25,0.25,0.25,0.25,0.25,0.25
1987,0.35,0.35,0.30,0.25,0.35,0.35,0.30,0.25,0.30,0.35,0.30,0.30,0.30,0.30,0.30,0.25,0.25,0.30,0.25,0.30,0.30,0.30,0.30,0.35,0.30,0.35,0.30,0.30,0.25,0.35,0.35,0.25,0.25,0.25,0.30,0.25,0.25,0.35,0.35,0.30,0.25,0.25,0.25,0.25,0.25,0.30,0.30,0.25,0.25,0.25,0.25,0.30,0.30,0.25,0.30,0.30,0.25,0.25,0.30,0.30,0.30,0.30,0.25,0.25,0.35,0.25,0.25,0.25,0.35,0.25,0.25,0.25,0.25,0.30,0.25,0.25,0.25,0.25,0.25,0.30,0.25,0.35,0.30,0.25,0.25,0.25,0.30,0.25,0.25,0.35,0.25,0.35,0.25,0.30,0.25,0.30,0.30,0.25,0.30,0.30,0.25,0.25,0.25,0.25,0.25,0.25,0.30,0.25,0.30,0.30,0.30,0.25,0.30,0.25,0.25,0.25,0.25,0.30,0.25,0.25,0.25,0.25,0.25,0.30,0.35,0.25,0.30,0.25,0.25,0.25,0.25,0.35,0.25,0.25,0.25,0.25,0.25,0.25,0.25,0.25,0.25,0.25,0.25,0.25,0.25,0.35,0.25,0.25,0.25,0.25,0.25,0.25,0.25,0.25,0.25,0.25,0.25,0.25,0.25,0.25,0.25,0.25,0.25,0.25,0.25,0.25,0.25,0.25
1988,0.35,0.35,0.30,0.26,0.35,0.35,0.30,0.25,0.30,0.35,0.30,0.30,0.30,0.30,0.30,0.25,0.26,0.30,0.25,0.30,0.30,0.30,0.30,0.35,0.30,0.35,0.30,0.30,0.25,0.35,0.35,0.25,0.25,0.25,0.30,0.26,0.25,0.35,0.35,0.30,0.26,0.25,0.25,0.26,0.26,0.30,0.30,0.25,0.25,0.25,0.25,0.30,0.30,0.25,0.30,0.30,0.25,0.25,0.30,0.30,0.30,0.30,0.25,0.25,0.35,0.26,0.25,0.25,0.35,0.26,0.25,0.25,0.26,0.30,0.25,0.26,0.26,0.25,0.26,0.30,0.26,0.35,0.30,0.26,0.26,0.26,0.30,0.26,0.26,0.35,0.26,0.35,0.26,0.30,0.26,0.30,0.30,0.25,0.30,0.30,0.26,0.25,0.26,0.25,0.25,0.26,0.30,0.25,0.30,0.30,0.30,0.25,0.30,0.25,0.25,0.25,0.25,0.30,0.25,0.25,0.25,0.26,0.25,0.30,0.35,0.26,0.30,0.26,0.25,0.26,0.25,0.35,0.25,0.25,0.25,0.25,0.25,0.25,0.25,0.25,0.25,0.25,0.26,0.26,0.26,0.35,0.26,0.26,0.25,0.25,0.25,0.25,0.26,0.26,0.26,0.26,0.26,0.25,0.26,0.26,0.26,0.26,0.26,0.26,0.25,0.25,0.25,0.26
1989,0.35,0.35,0.30,0.27,0.35,0.35,0.30,0.25,0.30,0.35,0.30,0.30,0.30,0.30,0.30,0.25,0.27,0.30,0.25,0.30,0.30,0.30,0.30,0.35,0.30,0.35,0.30,0.30,0.25,0.35,0.35,0.25,0.25,0.25,0.30,0.27,0.25,0.35,0.35,0.30,0.27,0.25,0.25,0.27,0.27,0.30,0.30,0.25,0.25,0.25,0.25,0.30,0.30,0.25,0.30,0.30,0.25,0.25,0.30,0.30,0.30,0.30,0.25,0.25,0.35,0.27,0.25,0.25,0.35,0.27,0.25,0.25,0.27,0.30,0.25,0.27,0.27,0.25,0.27,0.30,0.27,0.35,0.30,0.27,0.27,0.27,0.30,0.27,0.27,0.35,0.27,0.35,0.27,0.30,0.27,0.30,0.30,0.25,0.30,0.30,0.27,0.25,0.27,0.25,0.25,0.27,0.30,0.25,0.30,0.30,0.30,0.25,0.30,0.25,0.25,0.25,0.25,0.30,0.25,0.25,0.25,0.27,0.25,0.30,0.35,0.27,0.30,0.27,0.25,0.27,0.25,0.35,0.25,0.25,0.25,0.25,0.25,0.25,0.25,0.25,0.25,0.25,0.27,0.27,0.27,0.35,0.27,0.27,0.25,0.25,0.25,0.25,0.27,0.27,0.27,0.27,0.27,0.25,0.27,0.27,0.27,0.27,0.27,0.27,0.25,0.25,0.25,0.27
1990,0.35,0.35,0.30,0.27,0.35,0.35,0.30,0.25,0.30,0.35,0.30,0.30,0.30,0.30,0.30,0.25,0.27,0.30,0.25,0.30,0.30,0.30,0.30,0.35,0.30,0.35,0.30,0.30,0.25,0.35,0.35,0.25,0.25,0.25,0.30,0.27,0.25,0.35,0.35,0.30,0.27,0.25,0.25,0.27,0.27,0.30,0.30,0.25,0.25,0.25,0.25,0.30,0.30,0.25,0.30,0.30,0.25,0.25,0.30,0.30,0.30,0.30,0.25,0.25,0.35,0.27,0.25,0.25,0.35,0.27,0.25,0.25,0.27,0.30,0.25,0.27,0.27,0.25,0.27,0.30,0.27,0.35,0.30,0.27,0.27,0.27,0.30,0.27,0.27,0.35,0.27,0.35,0.27,0.30,0.27,0.30,0.30,0.25,0.30,0.30,0.27,0.25,0.27,0.25,0.25,0.27,0.30,0.25,0.30,0.30,0.30,0.25,0.30,0.25,0.25,0.25,0.25,0.30,0.25,0.25,0.25,0.27,0.25,0.30,0.35,0.27,0.30,0.27,0.25,0.27,0.25,0.35,0.25,0.25,0.25,0.25,0.25,0.25,0.25,0.25,0.25,0.25,0.27,0.27,0.27,0.35,0.27,0.27,0.25,0.25,0.25,0.25,0.27,0.27,0.27,0.27,0.27,0.25,0.27,0.27,0.27,0.27,0.27,0.27,0.25,0.25,0.25,0.27
1991,0.35,0.35,0.30,0.28,0.35,0.35,0.30,0.25,0.30,0.35,0.30,0.30,0.30,0.30,0.30,0.25,0.28,0.30,0.25,0.30,0.30,0.30,0.30,0.35,0.30,0.35,0.30,0.30,0.25,0.35,0.35,0.25,0.25,0.25,0.30,0.28,0.25,0.35,0.35,0.30,0.28,0.25,0.25,0.28,0.28,0.30,0.30,0.25,0.25,0.25,0.25,0.30,0.30,0.25,0.30,0.30,0.25,0.25,0.30,0.30,0.30,0.30,0.25,0.25,0.35,0.28,0.25,0.25,0.35,0.28,0.25,0.25,0.28,0.30,0.25,0.28,0.28,0.25,0.28,0.30,0.28,0.35,0.30,0.28,0.28,0.28,0.30,0.28,0.28,0.35,0.28,0.35,0.28,0.30,0.28,0.30,0.30,0.25,0.30,0.30,0.28,0.25,0.28,0.25,0.25,0.28,0.30,0.25,0.30,0.30,0.30,0.25,0.30,0.25,0.25,0.25,0.25,0.30,0.25,0.25,0.25,0.28,0.25,0.30,0.35,0.28,0.30,0.28,0.25,0.28,0.25,0.35,0.25,0.25,0.25,0.25,0.25,0.25,0.25,0.25,0.25,0.25,0.28,0.28,0.28,0.35,0.28,0.28,0.25,0.25,0.25,0.25,0.28,0.28,0.28,0.28,0.28,0.25,0.28,0.28,0.28,0.28,0.28,0.28,0.25,0.25,0.25,0.28
1992,0.35,0.35,0.30,0.29,0.35,0.35,0.30,0.25,0.30,0.35,0.30,0.30,0.30,0.30,0.30,0.25,0.29,0.30,0.25,0.30,0.30,0.30,0.30,0.35,0.30,0.35,0.30,0.30,0.25,0.35,0.35,0.25,0.25,0.25,0.30,0.29,0.25,0.35,0.35,0.30,0.29,0.25,0.25,0.29,0.29,0.30,0.30,0.25,0.25,0.25,0.25,0.30,0.30,0.25,0.30,0.30,0.25,0.25,0.30,0.30,0.30,0.30,0.25,0.25,0.35,0.29,0.25,0.25,0.35,0.29,0.25,0.25,0.29,0.30,0.25,0.29,0.29,0.25,0.29,0.30,0.29,0.35,0.30,0.29,0.29,0.29,0.30,0.29,0.29,0.35,0.29,0.35,0.29,0.30,0.29,0.30,0.30,0.25,0.30,0.30,0.29,0.25,0.29,0.25,0.25,0.29,0.30,0.25,0.30,0.30,0.30,0.25,0.30,0.25,0.25,0.25,0.25,0.30,0.25,0.25,0.25,0.29,0.25,0.30,0.35,0.29,0.30,0.29,0.25,0.29,0.25,0.35,0.25,0.25,0.25,0.25,0.25,0.25,0.25,0.25,0.25,0.25,0.29,0.29,0.29,0.35,0.29,0.29,0.25,0.25,0.25,0.25,0.29,0.29,0.29,0.29,0.29,0.25,0.29,0.29,0.29,0.29,0.29,0.29,0.25,0.25,0.25,0.29
1993,0.35,0.35,0.30,0.30,0.35,0.35,0.30,0.25,0.30,0.35,0.30,0.30,0.30,0.30,0.30,0.25,0.30,0.30,0.25,0.30,0.30,0.30,0.30,0.35,0.30,0.35,0.30,0.30,0.25,0.35,0.35,0.25,0.25,0.25,0.30,0.30,0.25,0.35,0.35,0.30,0.30,0.25,0.25,0.30,0.30,0.30,0.30,0.25,0.25,0.25,0.25,0.30,0.30,0.25,0.30,0.30,0.25,0.25,0.30,0.30,0.30,0.30,0.25,0.25,0.35,0.30,0.25,0.25,0.35,0.30,0.25,0.25,0.30,0.30,0.25,0.30,0.30,0.25,0.30,0.30,0.30,0.35,0.30,0.30,0.30,0.30,0.30,0.30,0.30,0.35,0.30,0.35,0.30,0.30,0.30,0.30,0.30,0.25,0.30,0.30,0.30,0.25,0.30,0.25,0.25,0.30,0.30,0.25,0.30,0.30,0.30,0.25,0.30,0.25,0.25,0.25,0.25,0.30,0.25,0.25,0.25,0.30,0.25,0.30,0.35,0.30,0.30,0.30,0.25,0.30,0.25,0.35,0.25,0.25,0.25,0.25,0.25,0.25,0.25,0.25,0.25,0.25,0.30,0.30,0.30,0.35,0.30,0.30,0.25,0.25,0.25,0.25,0.30,0.30,0.30,0.30,0.30,0.25,0.30,0.30,0.30,0.30,0.30,0.30,0.25,0.25,0.25,0.30
1994,0.35,0.35,0.30,0.31,0.35,0.35,0.30,0.25,0.30,0.35,0.30,0.30,0.30,0.30,0.30,0.25,0.31,0.30,0.25,0.30,0.30,0.30,0.30,0.35,0.30,0.35,0.30,0.30,0.25,0.35,0.35,0.25,0.25,0.25,0.30,0.31,0.25,0.35,0.35,0.30,0.31,0.25,0.25,0.31,0.31,0.30,0.30,0.25,0.25,0.25,0.25,0.30,0.30,0.25,0.30,0.30,0.25,0.25,0.30,0.30,0.30,0.30,0.25,0.25,0.35,0.31,0.25,0.25,0.35,0.31,0.25,0.25,0.31,0.30,0.25,0.31,0.31,0.25,0.31,0.30,0.31,0.35,0.30,0.31,0.31,0.31,0.30,0.31,0.31,0.35,0.31,0.35,0.31,0.30,0.31,0.30,0.30,0.25,0.30,0.30,0.31,0.25,0.31,0.25,0.25,0.31,0.30,0.25,0.30,0.30,0.30,0.25,0.30,0.25,0.25,0.25,0.25,0.30,0.25,0.25,0.25,0.31,0.25,0.30,0.35,0.31,0.30,0.31,0.25,0.31,0.25,0.35,0.25,0.25,0.25,0.25,0.25,0.25,0.25,0.25,0.25,0.25,0.31,0.31,0.31,0.35,0.31,0.31,0.25,0.25,0.25,0.25,0.31,0.31,0.31,0.31,0.31,0.25,0.31,0.31,0.31,0.31,0.31,0.31,0.25,0.25,0.25,0.31
1995,0.35,0.35,0.30,0.32,0.35,0.35,0.30,0.25,0.30,0.35,0.30,0.30,0.30,0.30,0.30,0.25,0.32,0.30,0.25,0.30,0.30,0.30,0.30,0.35,0.30,0.35,0.30,0.30,0.25,0.35,0.35,0.25,0.25,0.25,0.30,0.32,0.25,0.35,0.35,0.30,0.32,0.25,0.25,0.32,0.32,0.30,0.30,0.25,0.25,0.25,0.25,0.30,0.30,0.25,0.30,0.30,0.25,0.25,0.30,0.30,0.30,0.30,0.25,0.25,0.35,0.32,0.25,0.25,0.35,0.32,0.25,0.25,0.32,0.30,0.25,0.32,0.32,0.25,0.32,0.30,0.32,0.35,0.30,0.32,0.32,0.32,0.30,0.32,0.32,0.35,0.32,0.35,0.32,0.30,0.32,0.30,0.30,0.25,0.30,0.30,0.32,0.25,0.32,0.25,0.25,0.32,0.30,0.25,0.30,0.30,0.30,0.25,0.30,0.25,0.25,0.25,0.25,0.30,0.25,0.25,0.25,0.32,0.25,0.30,0.35,0.32,0.30,0.32,0.25,0.32,0.25,0.35,0.25,0.25,0.25,0.25,0.25,0.25,0.25,0.25,0.25,0.25,0.32,0.32,0.32,0.35,0.32,0.32,0.25,0.25,0.25,0.25,0.32,0.32,0.32,0.32,0.32,0.25,0.32,0.32,0.32,0.32,0.32,0.32,0.25,0.25,0.25,0.32
1996,0.35,0.35,0.30,0.33,0.35,0.35,0.30,0.25,0.30,0.35,0.30,0.30,0.30,0.30,0.30,0.25,0.33,0.30,0.25,0.30,0.30,0.30,0.30,0.35,0.30,0.35,0.30,0.30,0.25,0.35,0.35,0.25,0.25,0.25,0.30,0.33,0.25,0.35,0.35,0.30,0.33,0.25,0.25,0.33,0.33,0.30,0.30,0.25,0.25,0.25,0.25,0.30,0.30,0.25,0.30,0.30,0.25,0.25,0.30,0.30,0.30,0.30,0.25,0.25,0.35,0.33,0.25,0.25,0.35,0.33,0.25,0.25,0.33,0.30,0.25,0.33,0.33,0.25,0.33,0.30,0.33,0.35,0.30,0.33,0.33,0.33,0.30,0.33,0.33,0.35,0.33,0.35,0.33,0.30,0.33,0.30,0.30,0.25,0.30,0.30,0.33,0.25,0.33,0.25,0.25,0.33,0.30,0.25,0.30,0.30,0.30,0.25,0.30,0.25,0.25,0.25,0.25,0.30,0.25,0.25,0.25,0.33,0.25,0.30,0.35,0.33,0.30,0.33,0.25,0.33,0.25,0.35,0.25,0.25,0.25,0.25,0.25,0.25,0.25,0.25,0.25,0.25,0.33,0.33,0.33,0.35,0.33,0.33,0.25,0.25,0.25,0.25,0.33,0.33,0.33,0.33,0.33,0.25,0.33,0.33,0.33,0.33,0.33,0.33,0.25,0.25,0.25,0.33
1997,0.35,0.35,0.30,0.34,0.35,0.35,0.30,0.25,0.30,0.35,0.30,0.30,0.30,0.30,0.30,0.25,0.34,0.30,0.25,0.30,0.30,0.30,0.30,0.35,0.30,0.35,0.30,0.30,0.25,0.35,0.35,0.25,0.25,0.25,0.30,0.34,0.25,0.35,0.35,0.30,0.34,0.25,0.25,0.34,0.34,0.30,0.30,0.25,0.25,0.25,0.25,0.30,0.30,0.25,0.30,0.30,0.25,0.25,0.30,0.30,0.30,0.30,0.25,0.25,0.35,0.34,0.25,0.25,0.35,0.34,0.25,0.25,0.34,0.30,0.25,0.34,0.34,0.25,0.34,0.30,0.34,0.35,0.30,0.34,0.34,0.34,0.30,0.34,0.34,0.35,0.34,0.35,0.34,0.30,0.34,0.30,0.30,0.25,0.30,0.30,0.34,0.25,0.34,0.25,0.25,0.34,0.30,0.25,0.30,0.30,0.30,0.25,0.30,0.25,0.25,0.25,0.25,0.30,0.25,0.25,0.25,0.34,0.25,0.30,0.35,0.34,0.30,0.34,0.25,0.34,0.25,0.35,0.25,0.25,0.25,0.25,0.25,0.25,0.25,0.25,0.25,0.25,0.34,0.34,0.34,0.35,0.34,0.34,0.25,0.25,0.25,0.25,0.34,0.34,0.34,0.34,0.34,0.25,0.34,0.34,0.34,0.34,0.34,0.34,0.25,0.25,0.25,0.34
1998,0.35,0.35,0.30,0.34,0.35,0.35,0.30,0.25,0.30,0.35,0.30,0.30,0.30,0.30,0.30,0.25,0.34,0.30,0.25,0.30,0.30,0.30,0.30,0.35,0.30,0.35,0.30,0.30,0.25,0.35,0.35,0.25,0.25,0.25,0.30,0.34,0.25,0.35,0.35,0.30,0.34,0.25,0.25,0.34,0.34,0.30,0.30,0.25,0.25,0.25,0.25,0.30,0.30,0.25,0.30,0.30,0.25,0.25,0.30,0.30,0.30,0.30,0.25,0.25,0.35,0.34,0.25,0.25,0.35,0.34,0.25,0.25,0.34,0.30,0.25,0.34,0.34,0.25,0.34,0.30,0.34,0.35,0.30,0.34,0.34,0.34,0.30,0.34,0.34,0.35,0.34,0.35,0.34,0.30,0.34,0.30,0.30,0.25,0.30,0.30,0.34,0.25,0.34,0.25,0.25,0.34,0.30,0.25,0.30,0.30,0.30,0.25,0.30,0.25,0.25,0.25,0.25,0.30,0.25,0.25,0.25,0.34,0.25,0.30,0.35,0.34,0.30,0.34,0.25,0.34,0.25,0.35,0.25,0.25,0.25,0.25,0.25,0.25,0.25,0.25,0.25,0.25,0.34,0.34,0.34,0.35,0.34,0.34,0.25,0.25,0.25,0.25,0.34,0.34,0.34,0.34,0.34,0.25,0.34,0.34,0.34,0.34,0.34,0.34,0.25,0.25,0.25,0.34
1999,0.35,0.35,0.30,0.35,0.35,0.35,0.30,0.25,0.30,0.35,0.30,0.30,0.30,0.30,0.30,0.25,0.35,0.30,0.25,0.30,0.30,0.30,0.30,0.35,0.30,0.35,0.30,0.30,0.25,0.35,0.35,0.25,0.25,0.25,0.30,0.35,0.25,0.35,0.35,0.30,0.35,0.25,0.25,0.35,0.35,0.30,0.30,0.25,0.25,0.25,0.25,0.30,0.30,0.25,0.30,0.30,0.25,0.25,0.30,0.30,0.30,0.30,0.25,0.25,0.35,0.35,0.25,0.25,0.35,0.35,0.25,0.25,0.35,0.30,0.25,0.35,0.35,0.25,0.35,0.30,0.35,0.35,0.30,0.35,0.35,0.35,0.30,0.35,0.35,0.35,0.35,0.35,0.35,0.30,0.35,0.30,0.30,0.25,0.30,0.30,0.35,0.25,0.35,0.25,0.25,0.35,0.30,0.25,0.30,0.30,0.30,0.25,0.30,0.25,0.25,0.25,0.25,0.30,0.25,0.25,0.25,0.35,0.25,0.30,0.35,0.35,0.30,0.35,0.25,0.35,0.25,0.35,0.25,0.25,0.25,0.25,0.25,0.25,0.25,0.25,0.25,0.25,0.35,0.35,0.35,0.35,0.35,0.35,0.25,0.25,0.25,0.25,0.35,0.35,0.35,0.35,0.35,0.25,0.35,0.35,0.35,0.35,0.35,0.35,0.25,0.25,0.25,0.35
2000,0.35,0.35,0.30,0.35,0.35,0.35,0.30,0.25,0.30,0.35,0.30,0.30,0.30,0.30,0.30,0.25,0.35,0.30,0.25,0.30,0.30,0.30,0.30,0.35,0.30,0.35,0.30,0.30,0.25,0.35,0.35,0.25,0.25,0.25,0.30,0.35,0.25,0.35,0.35,0.30,0.35,0.25,0.25,0.35,0.35,0.30,0.30,0.25,0.25,0.25,0.25,0.30,0.30,0.25,0.30,0.30,0.25,0.25,0.30,0.30,0.30,0.30,0.25,0.25,0.35,0.35,0.25,0.25,0.35,0.35,0.25,0.25,0.35,0.30,0.25,0.35,0.35,0.25,0.35,0.30,0.35,0.35,0.30,0.35,0.35,0.35,0.30,0.35,0.35,0.35,0.35,0.35,0.35,0.30,0.35,0.30,0.30,0.25,0.30,0.30,0.35,0.25,0.35,0.25,0.25,0.35,0.30,0.25,0.30,0.30,0.30,0.25,0.30,0.25,0.25,0.25,0.25,0.30,0.25,0.25,0.25,0.35,0.25,0.30,0.35,0.35,0.30,0.35,0.25,0.35,0.25,0.35,0.25,0.25,0.25,0.25,0.25,0.25,0.25,0.25,0.25,0.25,0.35,0.35,0.35,0.35,0.35,0.35,0.25,0.25,0.25,0.25,0.35,0.35,0.35,0.35,0.35,0.25,0.35,0.35,0.35,0.35,0.35,0.35,0.25,0.25,0.25,0.35
2001,0.35,0.35,0.30,0.36,0.35,0.35,0.30,0.25,0.30,0.35,0.30,0.30,0.30,0.30,0.30,0.25,0.36,0.30,0.25,0.30,0.30,0.30,0.30,0.35,0.30,0.35,0.30,0.30,0.25,0.35,0.35,0.25,0.25,0.25,0.30,0.36,0.25,0.35,0.35,0.30,0.36,0.25,0.25,0.36,0.36,0.30,0.30,0.25,0.25,0.25,0.25,0.30,0.30,0.25,0.30,0.30,0.25,0.25,0.30,0.30,0.30,0.30,0.25,0.25,0.35,0.36,0.25,0.25,0.35,0.36,0.25,0.25,0.36,0.30,0.25,0.36,0.36,0.25,0.36,0.30,0.36,0.35,0.30,0.36,0.36,0.36,0.30,0.36,0.36,0.35,0.36,0.35,0.36,0.30,0.36,0.30,0.30,0.25,0.30,0.30,0.36,0.25,0.36,0.25,0.25,0.36,0.30,0.25,0.30,0.30,0.30,0.25,0.30,0.25,0.25,0.25,0.25,0.30,0.25,0.25,0.25,0.36,0.25,0.30,0.35,0.36,0.30,0.36,0.25,0.36,0.25,0.35,0.25,0.25,0.25,0.25,0.25,0.25,0.25,0.25,0.25,0.25,0.36,0.36,0.36,0.35,0.36,0.36,0.25,0.25,0.25,0.25,0.36,0.36,0.36,0.36,0.36,0.25,0.36,0.36,0.36,0.36,0.36,0.36,0.25,0.25,0.25,0.36
2002,0.35,0.35,0.30,0.36,0.35,0.35,0.30,0.25,0.30,0.35,0.30,0.30,0.30,0.30,0.30,0.25,0.36,0.30,0.25,0.30,0.30,0.30,0.30,0.35,0.30,0.35,0.30,0.30,0.25,0.35,0.35,0.25,0.25,0.25,0.30,0.36,0.25,0.35,0.35,0.30,0.36,0.25,0.25,0.36,0.36,0.30,0.30,0.25,0.25,0.25,0.25,0.30,0.30,0.25,0.30,0.30,0.25,0.25,0.30,0.30,0.30,0.30,0.25,0.25,0.35,0.36,0.25,0.25,0.35,0.36,0.25,0.25,0.36,0.30,0.25,0.36,0.36,0.25,0.36,0.30,0.36,0.35,0.30,0.36,0.36,0.36,0.30,0.36,0.36,0.35,0.36,0.35,0.36,0.30,0.36,0.30,0.30,0.25,0.30,0.30,0.36,0.25,0.36,0.25,0.25,0.36,0.30,0.25,0.30,0.30,0.30,0.25,0.30,0.25,0.25,0.25,0.25,0.30,0.25,0.25,0.25,0.36,0.25,0.30,0.35,0.36,0.30,0.36,0.25,0.36,0.25,0.35,0.25,0.25,0.25,0.25,0.25,0.25,0.25,0.25,0.25,0.25,0.36,0.36,0.36,0.35,0.36,0.36,0.25,0.25,0.25,0.25,0.36,0.36,0.36,0.36,0.36,0.25,0.36,0.36,0.36,0.36,0.36,0.36,0.25,0.25,0.25,0.36
2003,0.35,0.35,0.30,0.37,0.35,0.35,0.30,0.25,0.30,0.35,0.30,0.30,0.30,0.30,0.30,0.25,0.37,0.30,0.25,0.30,0.30,0.30,0.30,0.35,0.30,0.35,0.30,0.30,0.25,0.35,0.35,0.25,0.25,0.25,0.30,0.37,0.25,0.35,0.35,0.30,0.37,0.25,0.25,0.37,0.37,0.30,0.30,0.25,0.25,0.25,0.25,0.30,0.30,0.25,0.30,0.30,0.25,0.25,0.30,0.30,0.30,0.30,0.25,0.25,0.35,0.37,0.25,0.25,0.35,0.37,0.25,0.25,0.37,0.30,0.25,0.37,0.37,0.25,0.37,0.30,0.37,0.35,0.30,0.37,0.37,0.37,0.30,0.37,0.37,0.35,0.37,0.35,0.37,0.30,0.37,0.30,0.30,0.25,0.30,0.30,0.37,0.25,0.37,0.25,0.25,0.37,0.30,0.25,0.30,0.30,0.30,0.25,0.30,0.25,0.25,0.25,0.25,0.30,0.25,0.25,0.25,0.37,0.25,0.30,0.35,0.37,0.30,0.37,0.25,0.37,0.25,0.35,0.25,0.25,0.25,0.25,0.25,0.25,0.25,0.25,0.25,0.25,0.37,0.37,0.37,0.35,0.37,0.37,0.25,0.25,0.25,0.25,0.37,0.37,0.37,0.37,0.37,0.25,0.37,0.37,0.37,0.37,0.37,0.37,0.25,0.25,0.25,0.37
2004,0.35,0.35,0.30,0.37,0.35,0.35,0.30,0.25,0.30,0.35,0.30,0.30,0.30,0.30,0.30,0.25,0.37,0.30,0.25,0.30,0.30,0.30,0.30,0.35,0.30,0.35,0.30,0.30,0.25,0.35,0.35,0.25,0.25,0.25,0.30,0.37,0.25,0.35,0.35,0.30,0.37,0.25,0.25,0.37,0.37,0.30,0.30,0.25,0.25,0.25,0.25,0.30,0.30,0.25,0.30,0.30,0.25,0.25,0.30,0.30,0.30,0.30,0.25,0.25,0.35,0.37,0.25,0.25,0.35,0.37,0.25,0.25,0.37,0.30,0.25,0.37,0.37,0.25,0.37,0.30,0.37,0.35,0.30,0.37,0.37,0.37,0.30,0.37,0.37,0.35,0.37,0.35,0.37,0.30,0.37,0.30,0.30,0.25,0.30,0.30,0.37,0.25,0.37,0.25,0.25,0.37,0.30,0.25,0.30,0.30,0.30,0.25,0.30,0.25,0.25,0.25,0.25,0.30,0.25,0.25,0.25,0.37,0.25,0.30,0.35,0.37,0.30,0.37,0.25,0.37,0.25,0.35,0.25,0.25,0.25,0.25,0.25,0.25,0.25,0.25,0.25,0.25,0.37,0.37,0.37,0.35,0.37,0.37,0.25,0.25,0.25,0.25,0.37,0.37,0.37,0.37,0.37,0.25,0.37,0.37,0.37,0.37,0.37,0.37,0.25,0.25,0.25,0.37
2005,0.35,0.35,0.30,0.38,0.35,0.35,0.30,0.25,0.30,0.35,0.30,0.30,0.30,0.30,0.30,0.25,0.38,0.30,0.25,0.30,0.30,0.30,0.30,0.35,0.30,0.35,0.30,0.30,0.25,0.35,0.35,0.25,0.25,0.25,0.30,0.38,0.25,0.35,0.35,0.30,0.38,0.25,0.25,0.38,0.38,0.30,0.30,0.25,0.25,0.25,0.25,0.30,0.30,0.25,0.30,0.30,0.25,0.25,0.30,0.30,0.30,0.30,0.25,0.25,0.35,0.38,0.25,0.25,0.35,0.38,0.25,0.25,0.38,0.30,0.25,0.38,0.38,0.25,0.38,0.30,0.38,0.35,0.30,0.38,0.38,0.38,0.30,0.38,0.38,0.35,0.38,0.35,0.38,0.30,0.38,0.30,0.30,0.25,0.30,0.30,0.38,0.25,0.38,0.25,0.25,0.38,0.30,0.25,0.30,0.30,0.30,0.25,0.30,0.25,0.25,0.25,0.25,0.30,0.25,0.25,0.25,0.38,0.25,0.30,0.35,0.38,0.30,0.38,0.25,0.38,0.25,0.35,0.25,0.25,0.25,0.25,0.25,0.25,0.25,0.25,0.25,0.25,0.38,0.38,0.38,0.35,0.38,0.38,0.25,0.25,0.25,0.25,0.38,0.38,0.38,0.38,0.38,0.25,0.38,0.38,0.38,0.38,0.38,0.38,0.25,0.25,0.25,0.38
2006,0.35,0.35,0.30,0.38,0.35,0.35,0.30,0.25,0.30,0.35,0.30,0.30,0.30,0.30,0.30,0.25,0.38,0.30,0.25,0.30,0.30,0.30,0.30,0.35,0.30,0.35,0.30,0.30,0.25,0.35,0.35,0.25,0.25,0.25,0.30,0.38,0.25,0.35,0.35,0.30,0.38,0.25,0.25,0.38,0.38,0.30,0.30,0.25,0.25,0.25,0.25,0.30,0.30,0.25,0.30,0.30,0.25,0.25,0.30,0.30,0.30,0.30,0.25,0.25,0.35,0.38,0.25,0.25,0.35,0.38,0.25,0.25,0.38,0.30,0.25,0.38,0.38,0.25,0.38,0.30,0.38,0.35,0.30,0.38,0.38,0.38,0.30,0.38,0.38,0.35,0.38,0.35,0.38,0.30,0.38,0.30,0.30,0.25,0.30,0.30,0.38,0.25,0.38,0.25,0.25,0.38,0.30,0.25,0.30,0.30,0.30,0.25,0.30,0.25,0.25,0.25,0.25,0.30,0.25,0.25,0.25,0.38,0.25,0.30,0.35,0.38,0.30,0.38,0.25,0.38,0.25,0.35,0.25,0.25,0.25,0.25,0.25,0.25,0.25,0.25,0.25,0.25,0.38,0.38,0.38,0.35,0.38,0.38,0.25,0.25,0.25,0.25,0.38,0.38,0.38,0.38,0.38,0.25,0.38,0.38,0.38,0.38,0.38,0.38,0.25,0.25,0.25,0.38
2007,0.35,0.35,0.30,0.39,0.35,0.35,0.30,0.25,0.30,0.35,0.30,0.30,0.30,0.30,0.30,0.25,0.39,0.30,0.25,0.30,0.30,0.30,0.30,0.35,0.30,0.35,0.30,0.30,0.25,0.35,0.35,0.25,0.25,0.25,0.30,0.39,0.25,0.35,0.35,0.30,0.39,0.25,0.25,0.39,0.39,0.30,0.30,0.25,0.25,0.25,0.25,0.30,0.30,0.25,0.30,0.30,0.25,0.25,0.30,0.30,0.30,0.30,0.25,0.25,0.35,0.39,0.25,0.25,0.35,0.39,0.25,0.25,0.39,0.30,0.25,0.39,0.39,0.25,0.39,0.30,0.39,0.35,0.30,0.39,0.39,0.39,0.30,0.39,0.39,0.35,0.39,0.35,0.39,0.30,0.39,0.30,0.30,0.25,0.30,0.30,0.39,0.25,0.39,0.25,0.25,0.39,0.30,0.25,0.30,0.30,0.30,0.25,0.30,0.25,0.25,0.25,0.25,0.30,0.25,0.25,0.25,0.39,0.25,0.30,0.35,0.39,0.30,0.39,0.25,0.39,0.25,0.35,0.25,0.25,0.25,0.25,0.25,0.25,0.25,0.25,0.25,0.25,0.39,0.39,0.39,0.35,0.39,0.39,0.25,0.25,0.25,0.25,0.39,0.39,0.39,0.39,0.39,0.25,0.39,0.39,0.39,0.39,0.39,0.39,0.25,0.25,0.25,0.39
2008,0.35,0.35,0.30,0.39,0.35,0.35,0.30,0.25,0.30,0.35,0.30,0.30,0.30,0.30,0.30,0.25,0.39,0.30,0.25,0.30,0.30,0.30,0.30,0.35,0.30,0.35,0.30,0.30,0.25,0.35,0.35,0.25,0.25,0.25,0.30,0.39,0.25,0.35,0.35,0.30,0.39,0.25,0.25,0.39,0.39,0.30,0.30,0.25,0.25,0.25,0.25,0.30,0.30,0.25,0.30,0.30,0.25,0.25,0.30,0.30,0.30,0.30,0.25,0.25,0.35,0.39,0.25,0.25,0.35,0.39,0.25,0.25,0.39,0.30,0.25,0.39,0.39,0.25,0.39,0.30,0.39,0.35,0.30,0.39,0.39,0.39,0.30,0.39,0.39,0.35,0.39,0.35,0.39,0.30,0.39,0.30,0.30,0.25,0.30,0.30,0.39,0.25,0.39,0.25,0.25,0.39,0.30,0.25,0.30,0.30,0.30,0.25,0.30,0.25,0.25,0.25,0.25,0.30,0.25,0.25,0.25,0.39,0.25,0.30,0.35,0.39,0.30,0.39,0.25,0.39,0.25,0.35,0.25,0.25,0.25,0.25,0.25,0.25,0.25,0.25,0.25,0.25,0.39,0.39,0.39,0.35,0.39,0.39,0.25,0.25,0.25,0.25,0.39,0.39,0.39,0.39,0.39,0.25,0.39,0.39,0.39,0.39,0.39,0.39,0.25,0.25,0.25,0.39
2009,0.35,0.35,0.30,0.40,0.35,0.35,0.30,0.25,0.30,0.35,0.30,0.30,0.30,0.30,0.30,0.25,0.40,0.30,0.25,0.30,0.30,0.30,0.30,0.35,0.30,0.35,0.30,0.30,0.25,0.35,0.35,0.25,0.25,0.25,0.30,0.40,0.25,0.35,0.35,0.30,0.40,0.25,0.25,0.40,0.40,0.30,0.30,0.25,0.25,0.25,0.25,0.30,0.30,0.25,0.30,0.30,0.25,0.25,0.30,0.30,0.30,0.30,0.25,0.25,0.35,0.40,0.25,0.25,0.35,0.40,0.25,0.25,0.40,0.30,0.25,0.40,0.40,0.25,0.40,0.30,0.40,0.35,0.30,0.40,0.40,0.40,0.30,0.40,0.40,0.35,0.40,0.35,0.40,0.30,0.40,0.30,0.30,0.25,0.30,0.30,0.40,0.25,0.40,0.25,0.25,0.40,0.30,0.25,0.30,0.30,0.30,0.25,0.30,0.25,0.25,0.25,0.25,0.30,0.25,0.25,0.25,0.40,0.25,0.30,0.35,0.40,0.30,0.40,0.25,0.40,0.25,0.35,0.25,0.25,0.25,0.25,0.25,0.25,0.25,0.25,0.25,0.25,0.40,0.40,0.40,0.35,0.40,0.40,0.25,0.25,0.25,0.25,0.40,0.40,0.40,0.40,0.40,0.25,0.40,0.40,0.40,0.40,0.40,0.40,0.25,0.25,0.25,0.40
2010,0.35,0.35,0.30,0.40,0.35,0.35,0.30,0.25,0.30,0.35,0.30,0.30,0.30,0.30,0.30,0.25,0.40,0.30,0.25,0.30,0.30,0.30,0.30,0.35,0.30,0.35,0.30,0.30,0.25,0.35,0.35,0.25,0.25,0.25,0.30,0.40,0.25,0.35,0.35,0.30,0.40,0.25,0.25,0.40,0.40,0.30,0.30,0.25,0.25,0.25,0.25,0.30,0.30,0.25,0.30,0.30,0.25,0.25,0.30,0.30,0.30,0.30,0.25,0.25,0.35,0.40,0.25,0.25,0.35,0.40,0.25,0.25,0.40,0.30,0.25,0.40,0.40,0.25,0.40,0.30,0.40,0.35,0.30,0.40,0.40,0.40,0.30,0.40,0.40,0.35,0.40,0.35,0.40,0.30,0.40,0.30,0.30,0.25,0.30,0.30,0.40,0.25,0.40,0.25,0.25,0.40,0.30,0.25,0.30,0.30,0.30,0.25,0.30,0.25,0.25,0.25,0.25,0.30,0.25,0.25,0.25,0.40,0.25,0.30,0.35,0.40,0.30,0.40,0.25,0.40,0.25,0.35,0.25,0.25,0.25,0.25,0.25,0.25,0.25,0.25,0.25,0.25,0.40,0.40,0.40,0.35,0.40,0.40,0.25,0.25,0.25,0.25,0.40,0.40,0.40,0.40,0.40,0.25,0.40,0.40,0.40,0.40,0.40,0.40,0.25,0.25,0.25,0.40
2011,0.35,0.35,0.30,0.40,0.35,0.35,0.30,0.25,0.30,0.35,0.30,0.30,0.30,0.30,0.30,0.25,0.40,0.30,0.25,0.30,0.30,0.30,0.30,0.35,0.30,0.35,0.30,0.30,0.25,0.35,0.35,0.25,0.25,0.25,0.30,0.40,0.25,0.35,0.35,0.30,0.40,0.25,0.25,0.40,0.40,0.30,0.30,0.25,0.25,0.25,0.25,0.30,0.30,0.25,0.30,0.30,0.25,0.25,0.30,0.30,0.30,0.30,0.25,0.25,0.35,0.40,0.25,0.25,0.35,0.40,0.25,0.25,0.40,0.30,0.25,0.40,0.40,0.25,0.40,0.30,0.40,0.35,0.30,0.40,0.40,0.40,0.30,0.40,0.40,0.35,0.40,0.35,0.40,0.30,0.40,0.30,0.30,0.25,0.30,0.30,0.40,0.25,0.40,0.25,0.25,0.40,0.30,0.25,0.30,0.30,0.30,0.25,0.30,0.25,0.25,0.25,0.25,0.30,0.25,0.25,0.25,0.40,0.25,0.30,0.35,0.40,0.30,0.40,0.25,0.40,0.25,0.35,0.25,0.25,0.25,0.25,0.25,0.25,0.25,0.25,0.25,0.25,0.40,0.40,0.40,0.35,0.40,0.40,0.25,0.25,0.25,0.25,0.40,0.40,0.40,0.40,0.40,0.25,0.40,0.40,0.40,0.40,0.40,0.40,0.25,0.25,0.25,0.40
2012,0.35,0.35,0.30,0.40,0.35,0.35,0.30,0.25,0.30,0.35,0.30,0.30,0.30,0.30,0.30,0.25,0.40,0.30,0.25,0.30,0.30,0.30,0.30,0.35,0.30,0.35,0.30,0.30,0.25,0.35,0.35,0.25,0.25,0.25,0.30,0.40,0.25,0.35,0.35,0.30,0.40,0.25,0.25,0.40,0.40,0.30,0.30,0.25,0.25,0.25,0.25,0.30,0.30,0.25,0.30,0.30,0.25,0.25,0.30,0.30,0.30,0.30,0.25,0.25,0.35,0.40,0.25,0.25,0.35,0.40,0.25,0.25,0.40,0.30,0.25,0.40,0.40,0.25,0.40,0.30,0.40,0.35,0.30,0.40,0.40,0.40,0.30,0.40,0.40,0.35,0.40,0.35,0.40,0.30,0.40,0.30,0.30,0.25,0.30,0.30,0.40,0.25,0.40,0.25,0.25,0.40,0.30,0.25,0.30,0.30,0.30,0.25,0.30,0.25,0.25,0.25,0.25,0.30,0.25,0.25,0.25,0.40,0.25,0.30,0.35,0.40,0.30,0.40,0.25,0.40,0.25,0.35,0.25,0.25,0.25,0.25,0.25,0.25,0.25,0.25,0.25,0.25,0.40,0.40,0.40,0.35,0.40,0.40,0.25,0.25,0.25,0.25,0.40,0.40,0.40,0.40,0.40,0.25,0.40,0.40,0.40,0.40,0.40,0.40,0.25,0.25,0.25,0.40
2013,0.35,0.35,0.30,0.40,0.35,0.35,0.30,0.25,0.30,0.35,0.30,0.30,0.30,0.30,0.30,0.25,0.40,0.30,0.25,0.30,0.30,0.30,0.30,0.35,0.30,0.35,0.30,0.30,0.25,0.35,0.35,0.25,0.25,0.25,0.30,0.40,0.25,0.35,0.35,0.30,0.40,0.25,0.25,0.40,0.40,0.30,0.30,0.25,0.25,0.25,0.25,0.30,0.30,0.25,0.30,0.30,0.25,0.25,0.30,0.30,0.30,0.30,0.25,0.25,0.35,0.40,0.25,0.25,0.35,0.40,0.25,0.25,0.40,0.30,0.25,0.40,0.40,0.25,0.40,0.30,0.40,0.35,0.30,0.40,0.40,0.40,0.30,0.40,0.40,0.35,0.40,0.35,0.40,0.30,0.40,0.30,0.30,0.25,0.30,0.30,0.40,0.25,0.40,0.25,0.25,0.40,0.30,0.25,0.30,0.30,0.30,0.25,0.30,0.25,0.25,0.25,0.25,0.30,0.25,0.25,0.25,0.40,0.25,0.30,0.35,0.40,0.30,0.40,0.25,0.40,0.25,0.35,0.25,0.25,0.25,0.25,0.25,0.25,0.25,0.25,0.25,0.25,0.40,0.40,0.40,0.35,0.40,0.40,0.25,0.25,0.25,0.25,0.40,0.40,0.40,0.40,0.40,0.25,0.40,0.40,0.40,0.40,0.40,0.40,0.25,0.25,0.25,0.40
2014,0.35,0.35,0.30,0.40,0.35,0.35,0.30,0.25,0.30,0.35,0.30,0.30,0.30,0.30,0.30,0.25,0.40,0.30,0.25,0.30,0.30,0.30,0.30,0.35,0.30,0.35,0.30,0.30,0.25,0.35,0.35,0.25,0.25,0.25,0.30,0.40,0.25,0.35,0.35,0.30,0.40,0.25,0.25,0.40,0.40,0.30,0.30,0.25,0.25,0.25,0.25,0.30,0.30,0.25,0.30,0.30,0.25,0.25,0.30,0.30,0.30,0.30,0.25,0.25,0.35,0.40,0.25,0.25,0.35,0.40,0.25,0.25,0.40,0.30,0.25,0.40,0.40,0.25,0.40,0.30,0.40,0.35,0.30,0.40,0.40,0.40,0.30,0.40,0.40,0.35,0.40,0.35,0.40,0.30,0.40,0.30,0.30,0.25,0.30,0.30,0.40,0.25,0.40,0.25,0.25,0.40,0.30,0.25,0.30,0.30,0.30,0.25,0.30,0.25,0.25,0.25,0.25,0.30,0.25,0.25,0.25,0.40,0.25,0.30,0.35,0.40,0.30,0.40,0.25,0.40,0.25,0.35,0.25,0.25,0.25,0.25,0.25,0.25,0.25,0.25,0.25,0.25,0.40,0.40,0.40,0.35,0.40,0.40,0.25,0.25,0.25,0.25,0.40,0.40,0.40,0.40,0.40,0.25,0.40,0.40,0.40,0.40,0.40,0.40,0.25,0.25,0.25,0.40
2015,0.35,0.35,0.30,0.40,0.35,0.35,0.30,0.25,0.30,0.35,0.30,0.30,0.30,0.30,0.30,0.25,0.40,0.30,0.25,0.30,0.30,0.30,0.30,0.35,0.30,0.35,0.30,0.30,0.25,0.35,0.35,0.25,0.25,0.25,0.30,0.40,0.25,0.35,0.35,0.30,0.40,0.25,0.25,0.40,0.40,0.30,0.30,0.25,0.25,0.25,0.25,0.30,0.30,0.25,0.30,0.30,0.25,0.25,0.30,0.30,0.30,0.30,0.25,0.25,0.35,0.40,0.25,0.25,0.35,0.40,0.25,0.25,0.40,0.30,0.25,0.40,0.40,0.25,0.40,0.30,0.40,0.35,0.30,0.40,0.40,0.40,0.30,0.40,0.40,0.35,0.40,0.35,0.40,0.30,0.40,0.30,0.30,0.25,0.30,0.30,0.40,0.25,0.40,0.25,0.25,0.40,0.30,0.25,0.30,0.30,0.30,0.25,0.30,0.25,0.25,0.25,0.25,0.30,0.25,0.25,0.25,0.40,0.25,0.30,0.35,0.40,0.30,0.40,0.25,0.40,0.25,0.35,0.25,0.25,0.25,0.25,0.25,0.25,0.25,0.25,0.25,0.25,0.40,0.40,0.40,0.35,0.40,0.40,0.25,0.25,0.25,0.25,0.40,0.40,0.40,0.40,0.40,0.25,0.40,0.40,0.40,0.40,0.40,0.40,0.25,0.25,0.25,0.40
2016,0.35,0.35,0.30,0.40,0.35,0.35,0.30,0.25,0.30,0.35,0.30,0.30,0.30,0.30,0.30,0.25,0.40,0.30,0.25,0.30,0.30,0.30,0.30,0.35,0.30,0.35,0.30,0.30,0.25,0.35,0.35,0.25,0.25,0.25,0.30,0.40,0.25,0.35,0.35,0.30,0.40,0.25,0.25,0.40,0.40,0.30,0.30,0.25,0.25,0.25,0.25,0.30,0.30,0.25,0.30,0.30,0.25,0.25,0.30,0.30,0.30,0.30,0.25,0.25,0.35,0.40,0.25,0.25,0.35,0.40,0.25,0.25,0.40,0.30,0.25,0.40,0.40,0.25,0.40,0.30,0.40,0.35,0.30,0.40,0.40,0.40,0.30,0.40,0.40,0.35,0.40,0.35,0.40,0.30,0.40,0.30,0.30,0.25,0.30,0.30,0.40,0.25,0.40,0.25,0.25,0.40,0.30,0.25,0.30,0.30,0.30,0.25,0.30,0.25,0.25,0.25,0.25,0.30,0.25,0.25,0.25,0.40,0.25,0.30,0.35,0.40,0.30,0.40,0.25,0.40,0.25,0.35,0.25,0.25,0.25,0.25,0.25,0.25,0.25,0.25,0.25,0.25,0.40,0.40,0.40,0.35,0.40,0.40,0.25,0.25,0.25,0.25,0.40,0.40,0.40,0.40,0.40,0.25,0.40,0.40,0.40,0.40,0.40,0.40,0.25,0.25,0.25,0.40
2017,0.35,0.35,0.30,0.40,0.35,0.35,0.30,0.25,0.30,0.35,0.30,0.30,0.30,0.30,0.30,0.25,0.40,0.30,0.25,0.30,0.30,0.30,0.30,0.35,0.30,0.35,0.30,0.30,0.25,0.35,0.35,0.25,0.25,0.25,0.30,0.40,0.25,0.35,0.35,0.30,0.40,0.25,0.25,0.40,0.40,0.30,0.30,0.25,0.25,0.25,0.25,0.30,0.30,0.25,0.30,0.30,0.25,0.25,0.30,0.30,0.30,0.30,0.25,0.25,0.35,0.40,0.25,0.25,0.35,0.40,0.25,0.25,0.40,0.30,0.25,0.40,0.40,0.25,0.40,0.30,0.40,0.35,0.30,0.40,0.40,0.40,0.30,0.40,0.40,0.35,0.40,0.35,0.40,0.30,0.40,0.30,0.30,0.25,0.30,0.30,0.40,0.25,0.40,0.25,0.25,0.40,0.30,0.25,0.30,0.30,0.30,0.25,0.30,0.25,0.25,0.25,0.25,0.30,0.25,0.25,0.25,0.40,0.25,0.30,0.35,0.40,0.30,0.40,0.25,0.40,0.25,0.35,0.25,0.25,0.25,0.25,0.25,0.25,0.25,0.25,0.25,0.25,0.40,0.40,0.40,0.35,0.40,0.40,0.25,0.25,0.25,0.25,0.40,0.40,0.40,0.40,0.40,0.25,0.40,0.40,0.40,0.40,0.40,0.40,0.25,0.25,0.25,0.40
2018,0.35,0.35,0.30,0.40,0.35,0.35,0.30,0.25,0.30,0.35,0.30,0.30,0.30,0.30,0.30,0.25,0.40,0.30,0.25,0.30,0.30,0.30,0.30,0.35,0.30,0.35,0.30,0.30,0.25,0.35,0.35,0.25,0.25,0.25,0.30,0.40,0.25,0.35,0.35,0.30,0.40,0.25,0.25,0.40,0.40,0.30,0.30,0.25,0.25,0.25,0.25,0.30,0.30,0.25,0.30,0.30,0.25,0.25,0.30,0.30,0.30,0.30,0.25,0.25,0.35,0.40,0.25,0.25,0.35,0.40,0.25,0.25,0.40,0.30,0.25,0.40,0.40,0.25,0.40,0.30,0.40,0.35,0.30,0.40,0.40,0.40,0.30,0.40,0.40,0.35,0.40,0.35,0.40,0.30,0.40,0.30,0.30,0.25,0.30,0.30,0.40,0.25,0.40,0.25,0.25,0.40,0.30,0.25,0.30,0.30,0.30,0.25,0.30,0.25,0.25,0.25,0.25,0.30,0.25,0.25,0.25,0.40,0.25,0.30,0.35,0.40,0.30,0.40,0.25,0.40,0.25,0.35,0.25,0.25,0.25,0.25,0.25,0.25,0.25,0.25,0.25,0.25,0.40,0.40,0.40,0.35,0.40,0.40,0.25,0.25,0.25,0.25,0.40,0.40,0.40,0.40,0.40,0.25,0.40,0.40,0.40,0.40,0.40,0.40,0.25,0.25,0.25,0.40
2019,0.35,0.35,0.30,0.40,0.35,0.35,0.30,0.25,0.30,0.35,0.30,0.30,0.30,0.30,0.30,0.25,0.40,0.30,0.25,0.30,0.30,0.30,0.30,0.35,0.30,0.35,0.30,0.30,0.25,0.35,0.35,0.25,0.25,0.25,0.30,0.40,0.25,0.35,0.35,0.30,0.40,0.25,0.25,0.40,0.40,0.30,0.30,0.25,0.25,0.25,0.25,0.30,0.30,0.25,0.30,0.30,0.25,0.25,0.30,0.30,0.30,0.30,0.25,0.25,0.35,0.40,0.25,0.25,0.35,0.40,0.25,0.25,0.40,0.30,0.25,0.40,0.40,0.25,0.40,0.30,0.40,0.35,0.30,0.40,0.40,0.40,0.30,0.40,0.40,0.35,0.40,0.35,0.40,0.30,0.40,0.30,0.30,0.25,0.30,0.30,0.40,0.25,0.40,0.25,0.25,0.40,0.30,0.25,0.30,0.30,0.30,0.25,0.30,0.25,0.25,0.25,0.25,0.30,0.25,0.25,0.25,0.40,0.25,0.30,0.35,0.40,0.30,0.40,0.25,0.40,0.25,0.35,0.25,0.25,0.25,0.25,0.25,0.25,0.25,0.25,0.25,0.25,0.40,0.40,0.40,0.35,0.40,0.40,0.25,0.25,0.25,0.25,0.40,0.40,0.40,0.40,0.40,0.25,0.40,0.40,0.40,0.40,0.40,0.40,0.25,0.25,0.25,0.40
2020,0.35,0.35,0.30,0.40,0.35,0.35,0.30,0.25,0.30,0.35,0.30,0.30,0.30,0.30,0.30,0.25,0.40,0.30,0.25,0.30,0.30,0.30,0.30,0.35,0.30,0.35,0.30,0.30,0.25,0.35,0.35,0.25,0.25,0.25,0.30,0.40,0.25,0.35,0.35,0.30,0.40,0.25,0.25,0.40,0.40,0.30,0.30,0.25,0.25,0.25,0.25,0.30,0.30,0.25,0.30,0.30,0.25,0.25,0.30,0.30,0.30,0.30,0.25,0.25,0.35,0.40,0.25,0.25,0.35,0.40,0.25,0.25,0.40,0.30,0.25,0.40,0.40,0.25,0.40,0.30,0.40,0.35,0.30,0.40,0.40,0.40,0.30,0.40,0.40,0.35,0.40,0.35,0.40,0.30,0.40,0.30,0.30,0.25,0.30,0.30,0.40,0.25,0.40,0.25,0.25,0.40,0.30,0.25,0.30,0.30,0.30,0.25,0.30,0.25,0.25,0.25,0.25,0.30,0.25,0.25,0.25,0.40,0.25,0.30,0.35,0.40,0.30,0.40,0.25,0.40,0.25,0.35,0.25,0.25,0.25,0.25,0.25,0.25,0.25,0.25,0.25,0.25,0.40,0.40,0.40,0.35,0.40,0.40,0.25,0.25,0.25,0.25,0.40,0.40,0.40,0.40,0.40,0.25,0.40,0.40,0.40,0.40,0.40,0.40,0.25,0.25,0.25,0.40
