DATE,TYPE,UR,PA,AL,FI,SB,GR,RI,TR,TO,OR,VI,RV,NV,DG,WS,RV_W,area_id
1922,AN,0,0,0,0,0,0,0,0,0,0,0,2,0,0,0,484,1
1923,BN,0,0,0,0,0,0,0,0,0,0,0,2,0,0,0,484,1
1924,C,0,0,0,0,0,0,0,0,0,0,0,2,0,0,0,484,1
1925,D,0,0,0,0,0,0,0,0,0,0,0,2,0,0,0,484,1
1926,D,0,0,0,0,0,0,0,0,0,0,0,2,0,0,0,484,1
1927,W,0,0,0,0,0,0,0,0,0,0,0,2,0,0,0,484,1
1928,AN,0,0,0,0,0,0,0,0,0,0,0,2,0,0,0,484,1
1929,C,0,0,0,0,0,0,0,0,0,0,0,2,0,0,0,484,1
1930,D,0,0,0,0,0,0,0,0,0,0,0,2,0,0,0,484,1
1931,C,0,0,0,0,0,0,0,0,0,0,0,2,0,0,0,484,1
1932,D,0,0,0,0,0,0,0,0,0,0,0,2,0,0,0,484,1
1933,C,0,0,0,0,0,0,0,0,0,0,0,2,0,0,0,484,1
1934,C,0,0,0,0,0,0,0,0,0,0,0,2,0,0,0,484,1
1935,BN,0,0,0,0,0,0,0,0,0,0,0,2,0,0,0,484,1
1936,BN,0,0,0,0,0,0,0,0,0,0,0,2,0,0,0,484,1
1937,BN,0,0,0,0,0,0,0,0,0,0,0,2,0,0,0,484,1
1938,W,0,0,0,0,0,0,0,0,0,0,0,2,0,0,0,484,1
1939,D,0,0,0,0,0,0,0,0,0,0,0,2,0,0,0,484,1
1940,AN,0,0,0,0,0,0,0,0,0,0,0,2,0,0,0,484,1
1941,W,0,0,0,0,0,0,0,0,0,0,0,2,0,0,0,484,1
1942,W,0,0,0,0,0,0,0,0,0,0,0,2,0,0,0,484,1
1943,W,0,0,0,0,0,0,0,0,0,0,0,2,0,0,0,484,1
1944,D,0,0,0,0,0,0,0,0,0,0,0,2,0,0,0,484,1
1945,BN,0,0,0,0,0,0,0,0,0,0,0,2,0,0,0,484,1
1946,BN,0,0,0,0,0,0,0,0,0,0,0,2,0,0,0,484,1
1947,D,0,0,0,0,0,0,0,0,0,0,0,2,0,0,0,484,1
1948,BN,0,0,0,0,0,0,0,0,0,0,0,2,0,0,0,484,1
1949,D,0,0,0,0,0,0,0,0,0,0,0,2,0,0,0,484,1
1950,BN,0,0,0,0,0,0,0,0,0,0,0,2,0,0,0,484,1
1951,AN,0,0,0,0,0,0,0,0,0,0,0,2,0,0,0,484,1
1952,W,0,0,0,0,0,0,0,0,0,0,0,2,0,0,0,484,1
1953,W,0,0,0,0,0,0,0,0,0,0,0,2,0,0,0,484,1
1954,AN,0,0,0,0,0,0,0,0,0,0,0,2,0,0,0,484,1
1955,D,0,0,0,0,0,0,0,0,0,0,0,2,0,0,0,484,1
1956,W,0,0,0,0,0,0,0,0,0,0,0,2,0,0,0,484,1
1957,AN,0,0,0,0,0,0,0,0,0,0,0,2,0,0,0,484,1
1958,W,0,0,0,0,0,0,0,0,0,0,0,2,0,0,0,484,1
1959,BN,0,0,0,0,0,0,0,0,0,0,0,2,0,0,0,484,1
1960,D,0,0,0,0,0,0,0,0,0,0,0,2,0,0,0,484,1
1961,D,0,0,0,0,0,0,0,0,0,0,0,2,0,0,0,484,1
1962,BN,0,0,0,0,0,0,0,0,0,0,0,2,0,0,0,484,1
1963,W,0,0,0,0,0,0,0,0,0,0,0,2,0,0,0,484,1
1964,D,0,0,0,0,0,0,0,0,0,0,0,2,0,0,0,484,1
1965,W,0,0,0,0,0,0,0,0,0,0,0,2,0,0,0,484,1
1966,BN,0,0,0,0,0,0,0,0,0,0,0,2,0,0,0,484,1
1967,W,0,0,0,0,0,0,0,0,0,0,0,2,0,0,0,484,1
1968,BN,0,0,0,0,0,0,0,0,0,0,0,2,0,0,0,484,1
1969,W,0,0,0,0,0,0,0,0,0,0,0,2,0,0,0,484,1
1970,W,0,0,0,0,0,0,0,0,0,0,0,2,0,0,0,484,1
1971,W,0,0,0,0,0,0,0,0,0,0,0,2,0,0,0,484,1
1972,BN,0,0,0,0,0,0,0,0,0,0,0,2,0,0,0,484,1
1973,AN,0,0,0,0,0,0,0,0,0,0,0,2,0,0,0,484,1
1974,W,0,0,0,0,0,0,0,0,0,0,0,2,0,0,0,484,1
1975,W,0,0,0,0,0,0,0,0,0,0,0,2,0,0,0,484,1
1976,C,0,0,0,0,0,0,0,0,0,0,0,2,0,0,0,484,1
1977,C,0,0,0,0,0,0,0,0,0,0,0,2,0,0,0,484,1
1978,AN,0,0,0,0,0,0,0,0,0,0,0,2,0,0,0,484,1
1979,BN,0,0,0,0,0,0,0,0,0,0,0,2,0,0,0,484,1
1980,AN,0,0,0,0,0,0,0,0,0,0,0,2,0,0,0,484,1
1981,D,0,0,0,0,0,0,0,0,0,0,0,2,0,0,0,484,1
1982,W,0,0,0,0,0,0,0,0,0,0,0,2,0,0,0,484,1
1983,W,0,0,0,0,0,0,0,0,0,0,0,2,0,0,0,484,1
1984,W,0,0,0,0,0,0,0,0,0,0,0,2,0,0,0,484,1
1985,D,0,0,0,0,0,0,0,0,0,0,0,2,0,0,0,484,1
1986,W,0,0,0,0,0,0,0,0,0,0,0,2,0,0,0,484,1
1987,D,0,0,0,0,0,0,0,0,0,0,0,2,0,0,0,484,1
1988,C,0,0,0,0,0,0,0,0,0,0,0,2,0,0,0,484,1
1989,D,0,0,0,0,0,0,0,0,0,0,0,2,0,0,0,484,1
1990,C,0,0,0,0,0,0,0,0,0,0,0,2,0,0,0,484,1
1991,C,0,0,0,0,0,0,0,0,0,0,0,2,0,0,0,484,1
1992,C,0,0,0,0,0,0,0,0,0,0,0,2,0,0,0,484,1
1993,AN,0,0,0,0,0,0,0,0,0,0,0,2,0,0,0,484,1
1994,C,0,0,0,0,0,0,0,0,0,0,0,2,0,0,0,484,1
1995,W,0,0,0,0,0,0,0,0,0,0,0,2,0,0,0,484,1
1996,W,0,0,0,0,0,0,0,0,0,0,0,2,0,0,0,484,1
1997,W,0,0,0,0,0,0,0,0,0,0,0,2,0,0,0,484,1
1998,W,0,0,0,0,0,0,0,0,0,0,0,2,0,0,0,484,1
1999,W,0,0,0,0,0,0,0,0,0,0,0,2,0,0,0,484,1
2000,AN,0,0,0,0,0,0,0,0,0,0,0,2,0,0,0,484,1
2001,D,0,0,0,0,0,0,0,0,0,0,0,2,0,0,0,484,1
2002,D,0,0,0,0,0,0,0,0,0,0,0,2,0,0,0,484,1
2003,AN,0,0,0,0,0,0,0,0,0,0,0,2,0,0,0,484,1
2004,BN,0,0,0,0,0,0,0,0,0,0,0,2,0,0,0,484,1
2005,AN,0,0,0,0,0,0,0,0,0,0,0,2,0,0,0,484,1
2006,W,0,0,0,0,0,0,0,0,0,0,0,2,0,0,0,484,1
2007,D,0,0,0,0,0,0,0,0,0,0,0,2,0,0,0,484,1
2008,C,0,0,0,0,0,0,0,0,0,0,0,2,0,0,0,484,1
2009,D,0,0,0,0,0,0,0,0,0,0,0,2,0,0,0,484,1
2010,BN,0,0,0,0,0,0,0,0,0,0,0,2,0,0,0,484,1
2011,W,0,0,0,0,0,0,0,0,0,0,0,2,0,0,0,484,1
2012,BN,0,0,0,0,0,0,0,0,0,0,0,2,0,0,0,484,1
2013,D,0,0,0,0,0,0,0,0,0,0,0,2,0,0,0,484,1
2014,C,0,0,0,0,0,0,0,0,0,0,0,2,0,0,0,484,1
2015,C,0,0,0,0,0,0,0,0,0,0,0,2,0,0,0,484,1
2016,BN,0,0,0,0,0,0,0,0,0,0,0,2,0,0,0,484,1
2017,W,0,0,0,0,0,0,0,0,0,0,0,2,0,0,0,484,1
2018,BN,0,0,0,0,0,0,0,0,0,0,0,2,0,0,0,484,1
2019,W,0,0,0,0,0,0,0,0,0,0,0,2,0,0,0,484,1
2020,AN,0,0,0,0,0,0,0,0,0,0,0,2,0,0,0,484,1
2021,C,0,0,0,0,0,0,0,0,0,0,0,2,0,0,0,484,1
2022,BN,0,0,0,0,0,0,0,0,0,0,0,2,0,0,0,484,1
2023,BN,0,0,0,0,0,0,0,0,0,0,0,2,0,0,0,484,1
2024,W,0,0,0,0,0,0,0,0,0,0,0,2,0,0,0,484,1
1922,AN,4,0,0,0,0,0,0,0,0,0,0,139,0,0,0,2945,2
1923,BN,4,0,0,0,0,0,0,0,0,0,0,139,0,0,0,2945,2
1924,C,4,0,0,0,0,0,0,0,0,0,0,139,0,0,0,2945,2
1925,D,4,0,0,0,0,0,0,0,0,0,0,139,0,0,0,2945,2
1926,D,4,0,0,0,0,0,0,0,0,0,0,139,0,0,0,2945,2
1927,W,4,0,0,0,0,0,0,0,0,0,0,139,0,0,0,2945,2
1928,AN,4,0,0,0,0,0,0,0,0,0,0,139,0,0,0,2945,2
1929,C,4,0,0,0,0,0,0,0,0,0,0,139,0,0,0,2945,2
1930,D,4,0,0,0,0,0,0,0,0,0,0,139,0,0,0,2945,2
1931,C,4,0,0,0,0,0,0,0,0,0,0,139,0,0,0,2945,2
1932,D,4,0,0,0,0,0,0,0,0,0,0,139,0,0,0,2945,2
1933,C,4,0,0,0,0,0,0,0,0,0,0,139,0,0,0,2945,2
1934,C,4,0,0,0,0,0,0,0,0,0,0,139,0,0,0,2945,2
1935,BN,4,0,0,0,0,0,0,0,0,0,0,139,0,0,0,2945,2
1936,BN,4,0,0,0,0,0,0,0,0,0,0,139,0,0,0,2945,2
1937,BN,4,0,0,0,0,0,0,0,0,0,0,139,0,0,0,2945,2
1938,W,4,0,0,0,0,0,0,0,0,0,0,139,0,0,0,2945,2
1939,D,4,0,0,0,0,0,0,0,0,0,0,139,0,0,0,2945,2
1940,AN,4,0,0,0,0,0,0,0,0,0,0,139,0,0,0,2945,2
1941,W,4,0,0,0,0,0,0,0,0,0,0,139,0,0,0,2945,2
1942,W,4,0,0,0,0,0,0,0,0,0,0,139,0,0,0,2945,2
1943,W,4,0,0,0,0,0,0,0,0,0,0,139,0,0,0,2945,2
1944,D,4,0,0,0,0,0,0,0,0,0,0,139,0,0,0,2945,2
1945,BN,4,0,0,0,0,0,0,0,0,0,0,139,0,0,0,2945,2
1946,BN,4,0,0,0,0,0,0,0,0,0,0,139,0,0,0,2945,2
1947,D,4,0,0,0,0,0,0,0,0,0,0,139,0,0,0,2945,2
1948,BN,4,0,0,0,0,0,0,0,0,0,0,139,0,0,0,2945,2
1949,D,4,0,0,0,0,0,0,0,0,0,0,139,0,0,0,2945,2
1950,BN,4,0,0,0,0,0,0,0,0,0,0,139,0,0,0,2945,2
1951,AN,4,0,0,0,0,0,0,0,0,0,0,139,0,0,0,2945,2
1952,W,4,0,0,0,0,0,0,0,0,0,0,139,0,0,0,2945,2
1953,W,4,0,0,0,0,0,0,0,0,0,0,139,0,0,0,2945,2
1954,AN,4,0,0,0,0,0,0,0,0,0,0,139,0,0,0,2945,2
1955,D,4,0,0,0,0,0,0,0,0,0,0,139,0,0,0,2945,2
1956,W,4,0,0,0,0,0,0,0,0,0,0,139,0,0,0,2945,2
1957,AN,4,0,0,0,0,0,0,0,0,0,0,139,0,0,0,2945,2
1958,W,4,0,0,0,0,0,0,0,0,0,0,139,0,0,0,2945,2
1959,BN,4,0,0,0,0,0,0,0,0,0,0,139,0,0,0,2945,2
1960,D,4,0,0,0,0,0,0,0,0,0,0,139,0,0,0,2945,2
1961,D,4,0,0,0,0,0,0,0,0,0,0,139,0,0,0,2945,2
1962,BN,4,0,0,0,0,0,0,0,0,0,0,139,0,0,0,2945,2
1963,W,4,0,0,0,0,0,0,0,0,0,0,139,0,0,0,2945,2
1964,D,4,0,0,0,0,0,0,0,0,0,0,139,0,0,0,2945,2
1965,W,4,0,0,0,0,0,0,0,0,0,0,139,0,0,0,2945,2
1966,BN,4,0,0,0,0,0,0,0,0,0,0,139,0,0,0,2945,2
1967,W,4,0,0,0,0,0,0,0,0,0,0,139,0,0,0,2945,2
1968,BN,4,0,0,0,0,0,0,0,0,0,0,139,0,0,0,2945,2
1969,W,4,0,0,0,0,0,0,0,0,0,0,139,0,0,0,2945,2
1970,W,4,0,0,0,0,0,0,0,0,0,0,139,0,0,0,2945,2
1971,W,4,0,0,0,0,0,0,0,0,0,0,139,0,0,0,2945,2
1972,BN,4,0,0,0,0,0,0,0,0,0,0,139,0,0,0,2945,2
1973,AN,4,0,0,0,0,0,0,0,0,0,0,139,0,0,0,2945,2
1974,W,4,0,0,0,0,0,0,0,0,0,0,139,0,0,0,2945,2
1975,W,4,0,0,0,0,0,0,0,0,0,0,139,0,0,0,2945,2
1976,C,4,0,0,0,0,0,0,0,0,0,0,139,0,0,0,2945,2
1977,C,4,0,0,0,0,0,0,0,0,0,0,139,0,0,0,2945,2
1978,AN,4,0,0,0,0,0,0,0,0,0,0,139,0,0,0,2945,2
1979,BN,4,0,0,0,0,0,0,0,0,0,0,139,0,0,0,2945,2
1980,AN,4,0,0,0,0,0,0,0,0,0,0,139,0,0,0,2945,2
1981,D,4,0,0,0,0,0,0,0,0,0,0,139,0,0,0,2945,2
1982,W,4,0,0,0,0,0,0,0,0,0,0,139,0,0,0,2945,2
1983,W,4,0,0,0,0,0,0,0,0,0,0,139,0,0,0,2945,2
1984,W,4,0,0,0,0,0,0,0,0,0,0,139,0,0,0,2945,2
1985,D,4,0,0,0,0,0,0,0,0,0,0,139,0,0,0,2945,2
1986,W,4,0,0,0,0,0,0,0,0,0,0,139,0,0,0,2945,2
1987,D,4,0,0,0,0,0,0,0,0,0,0,139,0,0,0,2945,2
1988,C,4,0,0,0,0,0,0,0,0,0,0,139,0,0,0,2945,2
1989,D,4,0,0,0,0,0,0,0,0,0,0,139,0,0,0,2945,2
1990,C,4,0,0,0,0,0,0,0,0,0,0,139,0,0,0,2945,2
1991,C,4,0,0,0,0,0,0,0,0,0,0,139,0,0,0,2945,2
1992,C,4,0,0,0,0,0,0,0,0,0,0,139,0,0,0,2945,2
1993,AN,4,0,0,0,0,0,0,0,0,0,0,139,0,0,0,2945,2
1994,C,4,0,0,0,0,0,0,0,0,0,0,139,0,0,0,2945,2
1995,W,4,0,0,0,0,0,0,0,0,0,0,139,0,0,0,2945,2
1996,W,4,0,0,0,0,0,0,0,0,0,0,139,0,0,0,2945,2
1997,W,4,0,0,0,0,0,0,0,0,0,0,139,0,0,0,2945,2
1998,W,4,0,0,0,0,0,0,0,0,0,0,139,0,0,0,2945,2
1999,W,4,0,0,0,0,0,0,0,0,0,0,139,0,0,0,2945,2
2000,AN,4,0,0,0,0,0,0,0,0,0,0,139,0,0,0,2945,2
2001,D,4,0,0,0,0,0,0,0,0,0,0,139,0,0,0,2945,2
2002,D,4,0,0,0,0,0,0,0,0,0,0,139,0,0,0,2945,2
2003,AN,4,0,0,0,0,0,0,0,0,0,0,139,0,0,0,2945,2
2004,BN,4,0,0,0,0,0,0,0,0,0,0,139,0,0,0,2945,2
2005,AN,4,0,0,0,0,0,0,0,0,0,0,139,0,0,0,2945,2
2006,W,4,0,0,0,0,0,0,0,0,0,0,139,0,0,0,2945,2
2007,D,4,0,0,0,0,0,0,0,0,0,0,139,0,0,0,2945,2
2008,C,4,0,0,0,0,0,0,0,0,0,0,139,0,0,0,2945,2
2009,D,4,0,0,0,0,0,0,0,0,0,0,139,0,0,0,2945,2
2010,BN,4,0,0,0,0,0,0,0,0,0,0,139,0,0,0,2945,2
2011,W,4,0,0,0,0,0,0,0,0,0,0,139,0,0,0,2945,2
2012,BN,4,0,0,0,0,0,0,0,0,0,0,139,0,0,0,2945,2
2013,D,4,0,0,0,0,0,0,0,0,0,0,139,0,0,0,2945,2
2014,C,4,0,0,0,0,0,0,0,0,0,0,139,0,0,0,2945,2
2015,C,4,0,0,0,0,0,0,0,0,0,0,139,0,0,0,2945,2
2016,BN,4,0,0,0,0,0,0,0,0,0,0,139,0,0,0,2945,2
2017,W,4,0,0,0,0,0,0,0,0,0,0,139,0,0,0,2945,2
2018,BN,4,0,0,0,0,0,0,0,0,0,0,139,0,0,0,2945,2
2019,W,4,0,0,0,0,0,0,0,0,0,0,139,0,0,0,2945,2
2020,AN,4,0,0,0,0,0,0,0,0,0,0,139,0,0,0,2945,2
2021,C,4,0,0,0,0,0,0,0,0,0,0,139,0,0,0,2945,2
2022,BN,4,0,0,0,0,0,0,0,0,0,0,139,0,0,0,2945,2
2023,BN,4,0,0,0,0,0,0,0,0,0,0,139,0,0,0,2945,2
2024,W,4,0,0,0,0,0,0,0,0,0,0,139,0,0,0,2945,2
1922,AN,7,0,0,0,0,0,0,0,0,0,0,2840,880,0,0,4152,3
1923,BN,7,0,0,0,0,0,0,0,0,0,0,2840,880,0,0,4152,3
1924,C,7,0,0,0,0,0,0,0,0,0,0,2840,880,0,0,4152,3
1925,D,7,0,0,0,0,0,0,0,0,0,0,2840,880,0,0,4152,3
1926,D,7,0,0,0,0,0,0,0,0,0,0,2840,880,0,0,4152,3
1927,W,7,0,0,0,0,0,0,0,0,0,0,2840,880,0,0,4152,3
1928,AN,7,0,0,0,0,0,0,0,0,0,0,2840,880,0,0,4152,3
1929,C,7,0,0,0,0,0,0,0,0,0,0,2840,880,0,0,4152,3
1930,D,7,0,0,0,0,0,0,0,0,0,0,2840,880,0,0,4152,3
1931,C,7,0,0,0,0,0,0,0,0,0,0,2840,880,0,0,4152,3
1932,D,7,0,0,0,0,0,0,0,0,0,0,2840,880,0,0,4152,3
1933,C,7,0,0,0,0,0,0,0,0,0,0,2840,880,0,0,4152,3
1934,C,7,0,0,0,0,0,0,0,0,0,0,2840,880,0,0,4152,3
1935,BN,7,0,0,0,0,0,0,0,0,0,0,2840,880,0,0,4152,3
1936,BN,7,0,0,0,0,0,0,0,0,0,0,2840,880,0,0,4152,3
1937,BN,7,0,0,0,0,0,0,0,0,0,0,2840,880,0,0,4152,3
1938,W,7,0,0,0,0,0,0,0,0,0,0,2840,880,0,0,4152,3
1939,D,7,0,0,0,0,0,0,0,0,0,0,2840,880,0,0,4152,3
1940,AN,7,0,0,0,0,0,0,0,0,0,0,2840,880,0,0,4152,3
1941,W,7,0,0,0,0,0,0,0,0,0,0,2840,880,0,0,4152,3
1942,W,7,0,0,0,0,0,0,0,0,0,0,2840,880,0,0,4152,3
1943,W,7,0,0,0,0,0,0,0,0,0,0,2840,880,0,0,4152,3
1944,D,7,0,0,0,0,0,0,0,0,0,0,2840,880,0,0,4152,3
1945,BN,7,0,0,0,0,0,0,0,0,0,0,2840,880,0,0,4152,3
1946,BN,7,0,0,0,0,0,0,0,0,0,0,2840,880,0,0,4152,3
1947,D,7,0,0,0,0,0,0,0,0,0,0,2840,880,0,0,4152,3
1948,BN,7,0,0,0,0,0,0,0,0,0,0,2840,880,0,0,4152,3
1949,D,7,0,0,0,0,0,0,0,0,0,0,2840,880,0,0,4152,3
1950,BN,7,0,0,0,0,0,0,0,0,0,0,2840,880,0,0,4152,3
1951,AN,7,0,0,0,0,0,0,0,0,0,0,2840,880,0,0,4152,3
1952,W,7,0,0,0,0,0,0,0,0,0,0,2840,880,0,0,4152,3
1953,W,7,0,0,0,0,0,0,0,0,0,0,2840,880,0,0,4152,3
1954,AN,7,0,0,0,0,0,0,0,0,0,0,2840,880,0,0,4152,3
1955,D,7,0,0,0,0,0,0,0,0,0,0,2840,880,0,0,4152,3
1956,W,7,0,0,0,0,0,0,0,0,0,0,2840,880,0,0,4152,3
1957,AN,7,0,0,0,0,0,0,0,0,0,0,2840,880,0,0,4152,3
1958,W,7,0,0,0,0,0,0,0,0,0,0,2840,880,0,0,4152,3
1959,BN,7,0,0,0,0,0,0,0,0,0,0,2840,880,0,0,4152,3
1960,D,7,0,0,0,0,0,0,0,0,0,0,2840,880,0,0,4152,3
1961,D,7,0,0,0,0,0,0,0,0,0,0,2840,880,0,0,4152,3
1962,BN,7,0,0,0,0,0,0,0,0,0,0,2840,880,0,0,4152,3
1963,W,7,0,0,0,0,0,0,0,0,0,0,2840,880,0,0,4152,3
1964,D,7,0,0,0,0,0,0,0,0,0,0,2840,880,0,0,4152,3
1965,W,7,0,0,0,0,0,0,0,0,0,0,2840,880,0,0,4152,3
1966,BN,7,0,0,0,0,0,0,0,0,0,0,2840,880,0,0,4152,3
1967,W,7,0,0,0,0,0,0,0,0,0,0,2840,880,0,0,4152,3
1968,BN,7,0,0,0,0,0,0,0,0,0,0,2840,880,0,0,4152,3
1969,W,7,0,0,0,0,0,0,0,0,0,0,2840,880,0,0,4152,3
1970,W,7,0,0,0,0,0,0,0,0,0,0,2840,880,0,0,4152,3
1971,W,7,0,0,0,0,0,0,0,0,0,0,2840,880,0,0,4152,3
1972,BN,7,0,0,0,0,0,0,0,0,0,0,2840,880,0,0,4152,3
1973,AN,7,0,0,0,0,0,0,0,0,0,0,2840,880,0,0,4152,3
1974,W,7,0,0,0,0,0,0,0,0,0,0,2840,880,0,0,4152,3
1975,W,7,0,0,0,0,0,0,0,0,0,0,2840,880,0,0,4152,3
1976,C,7,0,0,0,0,0,0,0,0,0,0,2840,880,0,0,4152,3
1977,C,7,0,0,0,0,0,0,0,0,0,0,2840,880,0,0,4152,3
1978,AN,7,0,0,0,0,0,0,0,0,0,0,2840,880,0,0,4152,3
1979,BN,7,0,0,0,0,0,0,0,0,0,0,2840,880,0,0,4152,3
1980,AN,7,0,0,0,0,0,0,0,0,0,0,2840,880,0,0,4152,3
1981,D,7,0,0,0,0,0,0,0,0,0,0,2840,880,0,0,4152,3
1982,W,7,0,0,0,0,0,0,0,0,0,0,2840,880,0,0,4152,3
1983,W,7,0,0,0,0,0,0,0,0,0,0,2840,880,0,0,4152,3
1984,W,7,0,0,0,0,0,0,0,0,0,0,2840,880,0,0,4152,3
1985,D,7,0,0,0,0,0,0,0,0,0,0,2840,880,0,0,4152,3
1986,W,7,0,0,0,0,0,0,0,0,0,0,2840,880,0,0,4152,3
1987,D,7,0,0,0,0,0,0,0,0,0,0,2840,880,0,0,4152,3
1988,C,7,0,0,0,0,0,0,0,0,0,0,2840,880,0,0,4152,3
1989,D,7,0,0,0,0,0,0,0,0,0,0,2840,880,0,0,4152,3
1990,C,7,0,0,0,0,0,0,0,0,0,0,2840,880,0,0,4152,3
1991,C,7,0,0,0,0,0,0,0,0,0,0,2840,880,0,0,4152,3
1992,C,7,0,0,0,0,0,0,0,0,0,0,2840,880,0,0,4152,3
1993,AN,7,0,0,0,0,0,0,0,0,0,0,2840,880,0,0,4152,3
1994,C,7,0,0,0,0,0,0,0,0,0,0,2840,880,0,0,4152,3
1995,W,7,0,0,0,0,0,0,0,0,0,0,2840,880,0,0,4152,3
1996,W,7,0,0,0,0,0,0,0,0,0,0,2840,880,0,0,4152,3
1997,W,7,0,0,0,0,0,0,0,0,0,0,2840,880,0,0,4152,3
1998,W,7,0,0,0,0,0,0,0,0,0,0,2840,880,0,0,4152,3
1999,W,7,0,0,0,0,0,0,0,0,0,0,2840,880,0,0,4152,3
2000,AN,7,0,0,0,0,0,0,0,0,0,0,2840,880,0,0,4152,3
2001,D,7,0,0,0,0,0,0,0,0,0,0,2840,880,0,0,4152,3
2002,D,7,0,0,0,0,0,0,0,0,0,0,2840,880,0,0,4152,3
2003,AN,7,0,0,0,0,0,0,0,0,0,0,2840,880,0,0,4152,3
2004,BN,7,0,0,0,0,0,0,0,0,0,0,2840,880,0,0,4152,3
2005,AN,7,0,0,0,0,0,0,0,0,0,0,2840,880,0,0,4152,3
2006,W,7,0,0,0,0,0,0,0,0,0,0,2840,880,0,0,4152,3
2007,D,7,0,0,0,0,0,0,0,0,0,0,2840,880,0,0,4152,3
2008,C,7,0,0,0,0,0,0,0,0,0,0,2840,880,0,0,4152,3
2009,D,7,0,0,0,0,0,0,0,0,0,0,2840,880,0,0,4152,3
2010,BN,7,0,0,0,0,0,0,0,0,0,0,2840,880,0,0,4152,3
2011,W,7,0,0,0,0,0,0,0,0,0,0,2840,880,0,0,4152,3
2012,BN,7,0,0,0,0,0,0,0,0,0,0,2840,880,0,0,4152,3
2013,D,7,0,0,0,0,0,0,0,0,0,0,2840,880,0,0,4152,3
2014,C,7,0,0,0,0,0,0,0,0,0,0,2840,880,0,0,4152,3
2015,C,7,0,0,0,0,0,0,0,0,0,0,2840,880,0,0,4152,3
2016,BN,7,0,0,0,0,0,0,0,0,0,0,2840,880,0,0,4152,3
2017,W,7,0,0,0,0,0,0,0,0,0,0,2840,880,0,0,4152,3
2018,BN,7,0,0,0,0,0,0,0,0,0,0,2840,880,0,0,4152,3
2019,W,7,0,0,0,0,0,0,0,0,0,0,2840,880,0,0,4152,3
2020,AN,7,0,0,0,0,0,0,0,0,0,0,2840,880,0,0,4152,3
2021,C,7,0,0,0,0,0,0,0,0,0,0,2840,880,0,0,4152,3
2022,BN,7,0,0,0,0,0,0,0,0,0,0,2840,880,0,0,4152,3
2023,BN,7,0,0,0,0,0,0,0,0,0,0,2840,880,0,0,4152,3
2024,W,7,0,0,0,0,0,0,0,0,0,0,2840,880,0,0,4152,3
1922,AN,1,0,0,0,0,0,0,0,0,0,0,566,911,0,0,1062,4
1923,BN,1,0,0,0,0,0,0,0,0,0,0,566,911,0,0,1062,4
1924,C,1,0,0,0,0,0,0,0,0,0,0,566,911,0,0,1062,4
1925,D,1,0,0,0,0,0,0,0,0,0,0,566,911,0,0,1062,4
1926,D,1,0,0,0,0,0,0,0,0,0,0,566,911,0,0,1062,4
1927,W,1,0,0,0,0,0,0,0,0,0,0,566,911,0,0,1062,4
1928,AN,1,0,0,0,0,0,0,0,0,0,0,566,911,0,0,1062,4
1929,C,1,0,0,0,0,0,0,0,0,0,0,566,911,0,0,1062,4
1930,D,1,0,0,0,0,0,0,0,0,0,0,566,911,0,0,1062,4
1931,C,1,0,0,0,0,0,0,0,0,0,0,566,911,0,0,1062,4
1932,D,1,0,0,0,0,0,0,0,0,0,0,566,911,0,0,1062,4
1933,C,1,0,0,0,0,0,0,0,0,0,0,566,911,0,0,1062,4
1934,C,1,0,0,0,0,0,0,0,0,0,0,566,911,0,0,1062,4
1935,BN,1,0,0,0,0,0,0,0,0,0,0,566,911,0,0,1062,4
1936,BN,1,0,0,0,0,0,0,0,0,0,0,566,911,0,0,1062,4
1937,BN,1,0,0,0,0,0,0,0,0,0,0,566,911,0,0,1062,4
1938,W,1,0,0,0,0,0,0,0,0,0,0,566,911,0,0,1062,4
1939,D,1,0,0,0,0,0,0,0,0,0,0,566,911,0,0,1062,4
1940,AN,1,0,0,0,0,0,0,0,0,0,0,566,911,0,0,1062,4
1941,W,1,0,0,0,0,0,0,0,0,0,0,566,911,0,0,1062,4
1942,W,1,0,0,0,0,0,0,0,0,0,0,566,911,0,0,1062,4
1943,W,1,0,0,0,0,0,0,0,0,0,0,566,911,0,0,1062,4
1944,D,1,0,0,0,0,0,0,0,0,0,0,566,911,0,0,1062,4
1945,BN,1,0,0,0,0,0,0,0,0,0,0,566,911,0,0,1062,4
1946,BN,1,0,0,0,0,0,0,0,0,0,0,566,911,0,0,1062,4
1947,D,1,0,0,0,0,0,0,0,0,0,0,566,911,0,0,1062,4
1948,BN,1,0,0,0,0,0,0,0,0,0,0,566,911,0,0,1062,4
1949,D,1,0,0,0,0,0,0,0,0,0,0,566,911,0,0,1062,4
1950,BN,1,0,0,0,0,0,0,0,0,0,0,566,911,0,0,1062,4
1951,AN,1,0,0,0,0,0,0,0,0,0,0,566,911,0,0,1062,4
1952,W,1,0,0,0,0,0,0,0,0,0,0,566,911,0,0,1062,4
1953,W,1,0,0,0,0,0,0,0,0,0,0,566,911,0,0,1062,4
1954,AN,1,0,0,0,0,0,0,0,0,0,0,566,911,0,0,1062,4
1955,D,1,0,0,0,0,0,0,0,0,0,0,566,911,0,0,1062,4
1956,W,1,0,0,0,0,0,0,0,0,0,0,566,911,0,0,1062,4
1957,AN,1,0,0,0,0,0,0,0,0,0,0,566,911,0,0,1062,4
1958,W,1,0,0,0,0,0,0,0,0,0,0,566,911,0,0,1062,4
1959,BN,1,0,0,0,0,0,0,0,0,0,0,566,911,0,0,1062,4
1960,D,1,0,0,0,0,0,0,0,0,0,0,566,911,0,0,1062,4
1961,D,1,0,0,0,0,0,0,0,0,0,0,566,911,0,0,1062,4
1962,BN,1,0,0,0,0,0,0,0,0,0,0,566,911,0,0,1062,4
1963,W,1,0,0,0,0,0,0,0,0,0,0,566,911,0,0,1062,4
1964,D,1,0,0,0,0,0,0,0,0,0,0,566,911,0,0,1062,4
1965,W,1,0,0,0,0,0,0,0,0,0,0,566,911,0,0,1062,4
1966,BN,1,0,0,0,0,0,0,0,0,0,0,566,911,0,0,1062,4
1967,W,1,0,0,0,0,0,0,0,0,0,0,566,911,0,0,1062,4
1968,BN,1,0,0,0,0,0,0,0,0,0,0,566,911,0,0,1062,4
1969,W,1,0,0,0,0,0,0,0,0,0,0,566,911,0,0,1062,4
1970,W,1,0,0,0,0,0,0,0,0,0,0,566,911,0,0,1062,4
1971,W,1,0,0,0,0,0,0,0,0,0,0,566,911,0,0,1062,4
1972,BN,1,0,0,0,0,0,0,0,0,0,0,566,911,0,0,1062,4
1973,AN,1,0,0,0,0,0,0,0,0,0,0,566,911,0,0,1062,4
1974,W,1,0,0,0,0,0,0,0,0,0,0,566,911,0,0,1062,4
1975,W,1,0,0,0,0,0,0,0,0,0,0,566,911,0,0,1062,4
1976,C,1,0,0,0,0,0,0,0,0,0,0,566,911,0,0,1062,4
1977,C,1,0,0,0,0,0,0,0,0,0,0,566,911,0,0,1062,4
1978,AN,1,0,0,0,0,0,0,0,0,0,0,566,911,0,0,1062,4
1979,BN,1,0,0,0,0,0,0,0,0,0,0,566,911,0,0,1062,4
1980,AN,1,0,0,0,0,0,0,0,0,0,0,566,911,0,0,1062,4
1981,D,1,0,0,0,0,0,0,0,0,0,0,566,911,0,0,1062,4
1982,W,1,0,0,0,0,0,0,0,0,0,0,566,911,0,0,1062,4
1983,W,1,0,0,0,0,0,0,0,0,0,0,566,911,0,0,1062,4
1984,W,1,0,0,0,0,0,0,0,0,0,0,566,911,0,0,1062,4
1985,D,1,0,0,0,0,0,0,0,0,0,0,566,911,0,0,1062,4
1986,W,1,0,0,0,0,0,0,0,0,0,0,566,911,0,0,1062,4
1987,D,1,0,0,0,0,0,0,0,0,0,0,566,911,0,0,1062,4
1988,C,1,0,0,0,0,0,0,0,0,0,0,566,911,0,0,1062,4
1989,D,1,0,0,0,0,0,0,0,0,0,0,566,911,0,0,1062,4
1990,C,1,0,0,0,0,0,0,0,0,0,0,566,911,0,0,1062,4
1991,C,1,0,0,0,0,0,0,0,0,0,0,566,911,0,0,1062,4
1992,C,1,0,0,0,0,0,0,0,0,0,0,566,911,0,0,1062,4
1993,AN,1,0,0,0,0,0,0,0,0,0,0,566,911,0,0,1062,4
1994,C,1,0,0,0,0,0,0,0,0,0,0,566,911,0,0,1062,4
1995,W,1,0,0,0,0,0,0,0,0,0,0,566,911,0,0,1062,4
1996,W,1,0,0,0,0,0,0,0,0,0,0,566,911,0,0,1062,4
1997,W,1,0,0,0,0,0,0,0,0,0,0,566,911,0,0,1062,4
1998,W,1,0,0,0,0,0,0,0,0,0,0,566,911,0,0,1062,4
1999,W,1,0,0,0,0,0,0,0,0,0,0,566,911,0,0,1062,4
2000,AN,1,0,0,0,0,0,0,0,0,0,0,566,911,0,0,1062,4
2001,D,1,0,0,0,0,0,0,0,0,0,0,566,911,0,0,1062,4
2002,D,1,0,0,0,0,0,0,0,0,0,0,566,911,0,0,1062,4
2003,AN,1,0,0,0,0,0,0,0,0,0,0,566,911,0,0,1062,4
2004,BN,1,0,0,0,0,0,0,0,0,0,0,566,911,0,0,1062,4
2005,AN,1,0,0,0,0,0,0,0,0,0,0,566,911,0,0,1062,4
2006,W,1,0,0,0,0,0,0,0,0,0,0,566,911,0,0,1062,4
2007,D,1,0,0,0,0,0,0,0,0,0,0,566,911,0,0,1062,4
2008,C,1,0,0,0,0,0,0,0,0,0,0,566,911,0,0,1062,4
2009,D,1,0,0,0,0,0,0,0,0,0,0,566,911,0,0,1062,4
2010,BN,1,0,0,0,0,0,0,0,0,0,0,566,911,0,0,1062,4
2011,W,1,0,0,0,0,0,0,0,0,0,0,566,911,0,0,1062,4
2012,BN,1,0,0,0,0,0,0,0,0,0,0,566,911,0,0,1062,4
2013,D,1,0,0,0,0,0,0,0,0,0,0,566,911,0,0,1062,4
2014,C,1,0,0,0,0,0,0,0,0,0,0,566,911,0,0,1062,4
2015,C,1,0,0,0,0,0,0,0,0,0,0,566,911,0,0,1062,4
2016,BN,1,0,0,0,0,0,0,0,0,0,0,566,911,0,0,1062,4
2017,W,1,0,0,0,0,0,0,0,0,0,0,566,911,0,0,1062,4
2018,BN,1,0,0,0,0,0,0,0,0,0,0,566,911,0,0,1062,4
2019,W,1,0,0,0,0,0,0,0,0,0,0,566,911,0,0,1062,4
2020,AN,1,0,0,0,0,0,0,0,0,0,0,566,911,0,0,1062,4
2021,C,1,0,0,0,0,0,0,0,0,0,0,566,911,0,0,1062,4
2022,BN,1,0,0,0,0,0,0,0,0,0,0,566,911,0,0,1062,4
2023,BN,1,0,0,0,0,0,0,0,0,0,0,566,911,0,0,1062,4
2024,W,1,0,0,0,0,0,0,0,0,0,0,566,911,0,0,1062,4
1922,AN,1,0,0,0,0,0,0,0,0,0,0,149,101,0,0,670,5
1923,BN,1,0,0,0,0,0,0,0,0,0,0,149,101,0,0,670,5
1924,C,1,0,0,0,0,0,0,0,0,0,0,149,101,0,0,670,5
1925,D,1,0,0,0,0,0,0,0,0,0,0,149,101,0,0,670,5
1926,D,1,0,0,0,0,0,0,0,0,0,0,149,101,0,0,670,5
1927,W,1,0,0,0,0,0,0,0,0,0,0,149,101,0,0,670,5
1928,AN,1,0,0,0,0,0,0,0,0,0,0,149,101,0,0,670,5
1929,C,1,0,0,0,0,0,0,0,0,0,0,149,101,0,0,670,5
1930,D,1,0,0,0,0,0,0,0,0,0,0,149,101,0,0,670,5
1931,C,1,0,0,0,0,0,0,0,0,0,0,149,101,0,0,670,5
1932,D,1,0,0,0,0,0,0,0,0,0,0,149,101,0,0,670,5
1933,C,1,0,0,0,0,0,0,0,0,0,0,149,101,0,0,670,5
1934,C,1,0,0,0,0,0,0,0,0,0,0,149,101,0,0,670,5
1935,BN,1,0,0,0,0,0,0,0,0,0,0,149,101,0,0,670,5
1936,BN,1,0,0,0,0,0,0,0,0,0,0,149,101,0,0,670,5
1937,BN,1,0,0,0,0,0,0,0,0,0,0,149,101,0,0,670,5
1938,W,1,0,0,0,0,0,0,0,0,0,0,149,101,0,0,670,5
1939,D,1,0,0,0,0,0,0,0,0,0,0,149,101,0,0,670,5
1940,AN,1,0,0,0,0,0,0,0,0,0,0,149,101,0,0,670,5
1941,W,1,0,0,0,0,0,0,0,0,0,0,149,101,0,0,670,5
1942,W,1,0,0,0,0,0,0,0,0,0,0,149,101,0,0,670,5
1943,W,1,0,0,0,0,0,0,0,0,0,0,149,101,0,0,670,5
1944,D,1,0,0,0,0,0,0,0,0,0,0,149,101,0,0,670,5
1945,BN,1,0,0,0,0,0,0,0,0,0,0,149,101,0,0,670,5
1946,BN,1,0,0,0,0,0,0,0,0,0,0,149,101,0,0,670,5
1947,D,1,0,0,0,0,0,0,0,0,0,0,149,101,0,0,670,5
1948,BN,1,0,0,0,0,0,0,0,0,0,0,149,101,0,0,670,5
1949,D,1,0,0,0,0,0,0,0,0,0,0,149,101,0,0,670,5
1950,BN,1,0,0,0,0,0,0,0,0,0,0,149,101,0,0,670,5
1951,AN,1,0,0,0,0,0,0,0,0,0,0,149,101,0,0,670,5
1952,W,1,0,0,0,0,0,0,0,0,0,0,149,101,0,0,670,5
1953,W,1,0,0,0,0,0,0,0,0,0,0,149,101,0,0,670,5
1954,AN,1,0,0,0,0,0,0,0,0,0,0,149,101,0,0,670,5
1955,D,1,0,0,0,0,0,0,0,0,0,0,149,101,0,0,670,5
1956,W,1,0,0,0,0,0,0,0,0,0,0,149,101,0,0,670,5
1957,AN,1,0,0,0,0,0,0,0,0,0,0,149,101,0,0,670,5
1958,W,1,0,0,0,0,0,0,0,0,0,0,149,101,0,0,670,5
1959,BN,1,0,0,0,0,0,0,0,0,0,0,149,101,0,0,670,5
1960,D,1,0,0,0,0,0,0,0,0,0,0,149,101,0,0,670,5
1961,D,1,0,0,0,0,0,0,0,0,0,0,149,101,0,0,670,5
1962,BN,1,0,0,0,0,0,0,0,0,0,0,149,101,0,0,670,5
1963,W,1,0,0,0,0,0,0,0,0,0,0,149,101,0,0,670,5
1964,D,1,0,0,0,0,0,0,0,0,0,0,149,101,0,0,670,5
1965,W,1,0,0,0,0,0,0,0,0,0,0,149,101,0,0,670,5
1966,BN,1,0,0,0,0,0,0,0,0,0,0,149,101,0,0,670,5
1967,W,1,0,0,0,0,0,0,0,0,0,0,149,101,0,0,670,5
1968,BN,1,0,0,0,0,0,0,0,0,0,0,149,101,0,0,670,5
1969,W,1,0,0,0,0,0,0,0,0,0,0,149,101,0,0,670,5
1970,W,1,0,0,0,0,0,0,0,0,0,0,149,101,0,0,670,5
1971,W,1,0,0,0,0,0,0,0,0,0,0,149,101,0,0,670,5
1972,BN,1,0,0,0,0,0,0,0,0,0,0,149,101,0,0,670,5
1973,AN,1,0,0,0,0,0,0,0,0,0,0,149,101,0,0,670,5
1974,W,1,0,0,0,0,0,0,0,0,0,0,149,101,0,0,670,5
1975,W,1,0,0,0,0,0,0,0,0,0,0,149,101,0,0,670,5
1976,C,1,0,0,0,0,0,0,0,0,0,0,149,101,0,0,670,5
1977,C,1,0,0,0,0,0,0,0,0,0,0,149,101,0,0,670,5
1978,AN,1,0,0,0,0,0,0,0,0,0,0,149,101,0,0,670,5
1979,BN,1,0,0,0,0,0,0,0,0,0,0,149,101,0,0,670,5
1980,AN,1,0,0,0,0,0,0,0,0,0,0,149,101,0,0,670,5
1981,D,1,0,0,0,0,0,0,0,0,0,0,149,101,0,0,670,5
1982,W,1,0,0,0,0,0,0,0,0,0,0,149,101,0,0,670,5
1983,W,1,0,0,0,0,0,0,0,0,0,0,149,101,0,0,670,5
1984,W,1,0,0,0,0,0,0,0,0,0,0,149,101,0,0,670,5
1985,D,1,0,0,0,0,0,0,0,0,0,0,149,101,0,0,670,5
1986,W,1,0,0,0,0,0,0,0,0,0,0,149,101,0,0,670,5
1987,D,1,0,0,0,0,0,0,0,0,0,0,149,101,0,0,670,5
1988,C,1,0,0,0,0,0,0,0,0,0,0,149,101,0,0,670,5
1989,D,1,0,0,0,0,0,0,0,0,0,0,149,101,0,0,670,5
1990,C,1,0,0,0,0,0,0,0,0,0,0,149,101,0,0,670,5
1991,C,1,0,0,0,0,0,0,0,0,0,0,149,101,0,0,670,5
1992,C,1,0,0,0,0,0,0,0,0,0,0,149,101,0,0,670,5
1993,AN,1,0,0,0,0,0,0,0,0,0,0,149,101,0,0,670,5
1994,C,1,0,0,0,0,0,0,0,0,0,0,149,101,0,0,670,5
1995,W,1,0,0,0,0,0,0,0,0,0,0,149,101,0,0,670,5
1996,W,1,0,0,0,0,0,0,0,0,0,0,149,101,0,0,670,5
1997,W,1,0,0,0,0,0,0,0,0,0,0,149,101,0,0,670,5
1998,W,1,0,0,0,0,0,0,0,0,0,0,149,101,0,0,670,5
1999,W,1,0,0,0,0,0,0,0,0,0,0,149,101,0,0,670,5
2000,AN,1,0,0,0,0,0,0,0,0,0,0,149,101,0,0,670,5
2001,D,1,0,0,0,0,0,0,0,0,0,0,149,101,0,0,670,5
2002,D,1,0,0,0,0,0,0,0,0,0,0,149,101,0,0,670,5
2003,AN,1,0,0,0,0,0,0,0,0,0,0,149,101,0,0,670,5
2004,BN,1,0,0,0,0,0,0,0,0,0,0,149,101,0,0,670,5
2005,AN,1,0,0,0,0,0,0,0,0,0,0,149,101,0,0,670,5
2006,W,1,0,0,0,0,0,0,0,0,0,0,149,101,0,0,670,5
2007,D,1,0,0,0,0,0,0,0,0,0,0,149,101,0,0,670,5
2008,C,1,0,0,0,0,0,0,0,0,0,0,149,101,0,0,670,5
2009,D,1,0,0,0,0,0,0,0,0,0,0,149,101,0,0,670,5
2010,BN,1,0,0,0,0,0,0,0,0,0,0,149,101,0,0,670,5
2011,W,1,0,0,0,0,0,0,0,0,0,0,149,101,0,0,670,5
2012,BN,1,0,0,0,0,0,0,0,0,0,0,149,101,0,0,670,5
2013,D,1,0,0,0,0,0,0,0,0,0,0,149,101,0,0,670,5
2014,C,1,0,0,0,0,0,0,0,0,0,0,149,101,0,0,670,5
2015,C,1,0,0,0,0,0,0,0,0,0,0,149,101,0,0,670,5
2016,BN,1,0,0,0,0,0,0,0,0,0,0,149,101,0,0,670,5
2017,W,1,0,0,0,0,0,0,0,0,0,0,149,101,0,0,670,5
2018,BN,1,0,0,0,0,0,0,0,0,0,0,149,101,0,0,670,5
2019,W,1,0,0,0,0,0,0,0,0,0,0,149,101,0,0,670,5
2020,AN,1,0,0,0,0,0,0,0,0,0,0,149,101,0,0,670,5
2021,C,1,0,0,0,0,0,0,0,0,0,0,149,101,0,0,670,5
2022,BN,1,0,0,0,0,0,0,0,0,0,0,149,101,0,0,670,5
2023,BN,1,0,0,0,0,0,0,0,0,0,0,149,101,0,0,670,5
2024,W,1,0,0,0,0,0,0,0,0,0,0,149,101,0,0,670,5
1922,AN,135,0,0,0,0,0,0,0,0,0,0,523,2873,0,0,0,6
1923,BN,135,0,0,0,0,0,0,0,0,0,0,523,2873,0,0,0,6
1924,C,135,0,0,0,0,0,0,0,0,0,0,523,2873,0,0,0,6
1925,D,135,0,0,0,0,0,0,0,0,0,0,523,2873,0,0,0,6
1926,D,135,0,0,0,0,0,0,0,0,0,0,523,2873,0,0,0,6
1927,W,135,0,0,0,0,0,0,0,0,0,0,523,2873,0,0,0,6
1928,AN,135,0,0,0,0,0,0,0,0,0,0,523,2873,0,0,0,6
1929,C,135,0,0,0,0,0,0,0,0,0,0,523,2873,0,0,0,6
1930,D,135,0,0,0,0,0,0,0,0,0,0,523,2873,0,0,0,6
1931,C,135,0,0,0,0,0,0,0,0,0,0,523,2873,0,0,0,6
1932,D,135,0,0,0,0,0,0,0,0,0,0,523,2873,0,0,0,6
1933,C,135,0,0,0,0,0,0,0,0,0,0,523,2873,0,0,0,6
1934,C,135,0,0,0,0,0,0,0,0,0,0,523,2873,0,0,0,6
1935,BN,135,0,0,0,0,0,0,0,0,0,0,523,2873,0,0,0,6
1936,BN,135,0,0,0,0,0,0,0,0,0,0,523,2873,0,0,0,6
1937,BN,135,0,0,0,0,0,0,0,0,0,0,523,2873,0,0,0,6
1938,W,135,0,0,0,0,0,0,0,0,0,0,523,2873,0,0,0,6
1939,D,135,0,0,0,0,0,0,0,0,0,0,523,2873,0,0,0,6
1940,AN,135,0,0,0,0,0,0,0,0,0,0,523,2873,0,0,0,6
1941,W,135,0,0,0,0,0,0,0,0,0,0,523,2873,0,0,0,6
1942,W,135,0,0,0,0,0,0,0,0,0,0,523,2873,0,0,0,6
1943,W,135,0,0,0,0,0,0,0,0,0,0,523,2873,0,0,0,6
1944,D,135,0,0,0,0,0,0,0,0,0,0,523,2873,0,0,0,6
1945,BN,135,0,0,0,0,0,0,0,0,0,0,523,2873,0,0,0,6
1946,BN,135,0,0,0,0,0,0,0,0,0,0,523,2873,0,0,0,6
1947,D,135,0,0,0,0,0,0,0,0,0,0,523,2873,0,0,0,6
1948,BN,135,0,0,0,0,0,0,0,0,0,0,523,2873,0,0,0,6
1949,D,135,0,0,0,0,0,0,0,0,0,0,523,2873,0,0,0,6
1950,BN,135,0,0,0,0,0,0,0,0,0,0,523,2873,0,0,0,6
1951,AN,135,0,0,0,0,0,0,0,0,0,0,523,2873,0,0,0,6
1952,W,135,0,0,0,0,0,0,0,0,0,0,523,2873,0,0,0,6
1953,W,135,0,0,0,0,0,0,0,0,0,0,523,2873,0,0,0,6
1954,AN,135,0,0,0,0,0,0,0,0,0,0,523,2873,0,0,0,6
1955,D,135,0,0,0,0,0,0,0,0,0,0,523,2873,0,0,0,6
1956,W,135,0,0,0,0,0,0,0,0,0,0,523,2873,0,0,0,6
1957,AN,135,0,0,0,0,0,0,0,0,0,0,523,2873,0,0,0,6
1958,W,135,0,0,0,0,0,0,0,0,0,0,523,2873,0,0,0,6
1959,BN,135,0,0,0,0,0,0,0,0,0,0,523,2873,0,0,0,6
1960,D,135,0,0,0,0,0,0,0,0,0,0,523,2873,0,0,0,6
1961,D,135,0,0,0,0,0,0,0,0,0,0,523,2873,0,0,0,6
1962,BN,135,0,0,0,0,0,0,0,0,0,0,523,2873,0,0,0,6
1963,W,135,0,0,0,0,0,0,0,0,0,0,523,2873,0,0,0,6
1964,D,135,0,0,0,0,0,0,0,0,0,0,523,2873,0,0,0,6
1965,W,135,0,0,0,0,0,0,0,0,0,0,523,2873,0,0,0,6
1966,BN,135,0,0,0,0,0,0,0,0,0,0,523,2873,0,0,0,6
1967,W,135,0,0,0,0,0,0,0,0,0,0,523,2873,0,0,0,6
1968,BN,135,0,0,0,0,0,0,0,0,0,0,523,2873,0,0,0,6
1969,W,135,0,0,0,0,0,0,0,0,0,0,523,2873,0,0,0,6
1970,W,135,0,0,0,0,0,0,0,0,0,0,523,2873,0,0,0,6
1971,W,135,0,0,0,0,0,0,0,0,0,0,523,2873,0,0,0,6
1972,BN,135,0,0,0,0,0,0,0,0,0,0,523,2873,0,0,0,6
1973,AN,135,0,0,0,0,0,0,0,0,0,0,523,2873,0,0,0,6
1974,W,135,0,0,0,0,0,0,0,0,0,0,523,2873,0,0,0,6
1975,W,135,0,0,0,0,0,0,0,0,0,0,523,2873,0,0,0,6
1976,C,135,0,0,0,0,0,0,0,0,0,0,523,2873,0,0,0,6
1977,C,135,0,0,0,0,0,0,0,0,0,0,523,2873,0,0,0,6
1978,AN,135,0,0,0,0,0,0,0,0,0,0,523,2873,0,0,0,6
1979,BN,135,0,0,0,0,0,0,0,0,0,0,523,2873,0,0,0,6
1980,AN,135,0,0,0,0,0,0,0,0,0,0,523,2873,0,0,0,6
1981,D,135,0,0,0,0,0,0,0,0,0,0,523,2873,0,0,0,6
1982,W,135,0,0,0,0,0,0,0,0,0,0,523,2873,0,0,0,6
1983,W,135,0,0,0,0,0,0,0,0,0,0,523,2873,0,0,0,6
1984,W,135,0,0,0,0,0,0,0,0,0,0,523,2873,0,0,0,6
1985,D,135,0,0,0,0,0,0,0,0,0,0,523,2873,0,0,0,6
1986,W,135,0,0,0,0,0,0,0,0,0,0,523,2873,0,0,0,6
1987,D,135,0,0,0,0,0,0,0,0,0,0,523,2873,0,0,0,6
1988,C,135,0,0,0,0,0,0,0,0,0,0,523,2873,0,0,0,6
1989,D,135,0,0,0,0,0,0,0,0,0,0,523,2873,0,0,0,6
1990,C,135,0,0,0,0,0,0,0,0,0,0,523,2873,0,0,0,6
1991,C,135,0,0,0,0,0,0,0,0,0,0,523,2873,0,0,0,6
1992,C,135,0,0,0,0,0,0,0,0,0,0,523,2873,0,0,0,6
1993,AN,135,0,0,0,0,0,0,0,0,0,0,523,2873,0,0,0,6
1994,C,135,0,0,0,0,0,0,0,0,0,0,523,2873,0,0,0,6
1995,W,135,0,0,0,0,0,0,0,0,0,0,523,2873,0,0,0,6
1996,W,135,0,0,0,0,0,0,0,0,0,0,523,2873,0,0,0,6
1997,W,135,0,0,0,0,0,0,0,0,0,0,523,2873,0,0,0,6
1998,W,135,0,0,0,0,0,0,0,0,0,0,523,2873,0,0,0,6
1999,W,135,0,0,0,0,0,0,0,0,0,0,523,2873,0,0,0,6
2000,AN,135,0,0,0,0,0,0,0,0,0,0,523,2873,0,0,0,6
2001,D,135,0,0,0,0,0,0,0,0,0,0,523,2873,0,0,0,6
2002,D,135,0,0,0,0,0,0,0,0,0,0,523,2873,0,0,0,6
2003,AN,135,0,0,0,0,0,0,0,0,0,0,523,2873,0,0,0,6
2004,BN,135,0,0,0,0,0,0,0,0,0,0,523,2873,0,0,0,6
2005,AN,135,0,0,0,0,0,0,0,0,0,0,523,2873,0,0,0,6
2006,W,135,0,0,0,0,0,0,0,0,0,0,523,2873,0,0,0,6
2007,D,135,0,0,0,0,0,0,0,0,0,0,523,2873,0,0,0,6
2008,C,135,0,0,0,0,0,0,0,0,0,0,523,2873,0,0,0,6
2009,D,135,0,0,0,0,0,0,0,0,0,0,523,2873,0,0,0,6
2010,BN,135,0,0,0,0,0,0,0,0,0,0,523,2873,0,0,0,6
2011,W,135,0,0,0,0,0,0,0,0,0,0,523,2873,0,0,0,6
2012,BN,135,0,0,0,0,0,0,0,0,0,0,523,2873,0,0,0,6
2013,D,135,0,0,0,0,0,0,0,0,0,0,523,2873,0,0,0,6
2014,C,135,0,0,0,0,0,0,0,0,0,0,523,2873,0,0,0,6
2015,C,135,0,0,0,0,0,0,0,0,0,0,523,2873,0,0,0,6
2016,BN,135,0,0,0,0,0,0,0,0,0,0,523,2873,0,0,0,6
2017,W,135,0,0,0,0,0,0,0,0,0,0,523,2873,0,0,0,6
2018,BN,135,0,0,0,0,0,0,0,0,0,0,523,2873,0,0,0,6
2019,W,135,0,0,0,0,0,0,0,0,0,0,523,2873,0,0,0,6
2020,AN,135,0,0,0,0,0,0,0,0,0,0,523,2873,0,0,0,6
2021,C,135,0,0,0,0,0,0,0,0,0,0,523,2873,0,0,0,6
2022,BN,135,0,0,0,0,0,0,0,0,0,0,523,2873,0,0,0,6
2023,BN,135,0,0,0,0,0,0,0,0,0,0,523,2873,0,0,0,6
2024,W,135,0,0,0,0,0,0,0,0,0,0,523,2873,0,0,0,6
1922,AN,0,0,0,0,0,0,0,0,0,0,0,17,0,0,0,1416,7
1923,BN,0,0,0,0,0,0,0,0,0,0,0,17,0,0,0,1416,7
1924,C,0,0,0,0,0,0,0,0,0,0,0,17,0,0,0,1416,7
1925,D,0,0,0,0,0,0,0,0,0,0,0,17,0,0,0,1416,7
1926,D,0,0,0,0,0,0,0,0,0,0,0,17,0,0,0,1416,7
1927,W,0,0,0,0,0,0,0,0,0,0,0,17,0,0,0,1416,7
1928,AN,0,0,0,0,0,0,0,0,0,0,0,17,0,0,0,1416,7
1929,C,0,0,0,0,0,0,0,0,0,0,0,17,0,0,0,1416,7
1930,D,0,0,0,0,0,0,0,0,0,0,0,17,0,0,0,1416,7
1931,C,0,0,0,0,0,0,0,0,0,0,0,17,0,0,0,1416,7
1932,D,0,0,0,0,0,0,0,0,0,0,0,17,0,0,0,1416,7
1933,C,0,0,0,0,0,0,0,0,0,0,0,17,0,0,0,1416,7
1934,C,0,0,0,0,0,0,0,0,0,0,0,17,0,0,0,1416,7
1935,BN,0,0,0,0,0,0,0,0,0,0,0,17,0,0,0,1416,7
1936,BN,0,0,0,0,0,0,0,0,0,0,0,17,0,0,0,1416,7
1937,BN,0,0,0,0,0,0,0,0,0,0,0,17,0,0,0,1416,7
1938,W,0,0,0,0,0,0,0,0,0,0,0,17,0,0,0,1416,7
1939,D,0,0,0,0,0,0,0,0,0,0,0,17,0,0,0,1416,7
1940,AN,0,0,0,0,0,0,0,0,0,0,0,17,0,0,0,1416,7
1941,W,0,0,0,0,0,0,0,0,0,0,0,17,0,0,0,1416,7
1942,W,0,0,0,0,0,0,0,0,0,0,0,17,0,0,0,1416,7
1943,W,0,0,0,0,0,0,0,0,0,0,0,17,0,0,0,1416,7
1944,D,0,0,0,0,0,0,0,0,0,0,0,17,0,0,0,1416,7
1945,BN,0,0,0,0,0,0,0,0,0,0,0,17,0,0,0,1416,7
1946,BN,0,0,0,0,0,0,0,0,0,0,0,17,0,0,0,1416,7
1947,D,0,0,0,0,0,0,0,0,0,0,0,17,0,0,0,1416,7
1948,BN,0,0,0,0,0,0,0,0,0,0,0,17,0,0,0,1416,7
1949,D,0,0,0,0,0,0,0,0,0,0,0,17,0,0,0,1416,7
1950,BN,0,0,0,0,0,0,0,0,0,0,0,17,0,0,0,1416,7
1951,AN,0,0,0,0,0,0,0,0,0,0,0,17,0,0,0,1416,7
1952,W,0,0,0,0,0,0,0,0,0,0,0,17,0,0,0,1416,7
1953,W,0,0,0,0,0,0,0,0,0,0,0,17,0,0,0,1416,7
1954,AN,0,0,0,0,0,0,0,0,0,0,0,17,0,0,0,1416,7
1955,D,0,0,0,0,0,0,0,0,0,0,0,17,0,0,0,1416,7
1956,W,0,0,0,0,0,0,0,0,0,0,0,17,0,0,0,1416,7
1957,AN,0,0,0,0,0,0,0,0,0,0,0,17,0,0,0,1416,7
1958,W,0,0,0,0,0,0,0,0,0,0,0,17,0,0,0,1416,7
1959,BN,0,0,0,0,0,0,0,0,0,0,0,17,0,0,0,1416,7
1960,D,0,0,0,0,0,0,0,0,0,0,0,17,0,0,0,1416,7
1961,D,0,0,0,0,0,0,0,0,0,0,0,17,0,0,0,1416,7
1962,BN,0,0,0,0,0,0,0,0,0,0,0,17,0,0,0,1416,7
1963,W,0,0,0,0,0,0,0,0,0,0,0,17,0,0,0,1416,7
1964,D,0,0,0,0,0,0,0,0,0,0,0,17,0,0,0,1416,7
1965,W,0,0,0,0,0,0,0,0,0,0,0,17,0,0,0,1416,7
1966,BN,0,0,0,0,0,0,0,0,0,0,0,17,0,0,0,1416,7
1967,W,0,0,0,0,0,0,0,0,0,0,0,17,0,0,0,1416,7
1968,BN,0,0,0,0,0,0,0,0,0,0,0,17,0,0,0,1416,7
1969,W,0,0,0,0,0,0,0,0,0,0,0,17,0,0,0,1416,7
1970,W,0,0,0,0,0,0,0,0,0,0,0,17,0,0,0,1416,7
1971,W,0,0,0,0,0,0,0,0,0,0,0,17,0,0,0,1416,7
1972,BN,0,0,0,0,0,0,0,0,0,0,0,17,0,0,0,1416,7
1973,AN,0,0,0,0,0,0,0,0,0,0,0,17,0,0,0,1416,7
1974,W,0,0,0,0,0,0,0,0,0,0,0,17,0,0,0,1416,7
1975,W,0,0,0,0,0,0,0,0,0,0,0,17,0,0,0,1416,7
1976,C,0,0,0,0,0,0,0,0,0,0,0,17,0,0,0,1416,7
1977,C,0,0,0,0,0,0,0,0,0,0,0,17,0,0,0,1416,7
1978,AN,0,0,0,0,0,0,0,0,0,0,0,17,0,0,0,1416,7
1979,BN,0,0,0,0,0,0,0,0,0,0,0,17,0,0,0,1416,7
1980,AN,0,0,0,0,0,0,0,0,0,0,0,17,0,0,0,1416,7
1981,D,0,0,0,0,0,0,0,0,0,0,0,17,0,0,0,1416,7
1982,W,0,0,0,0,0,0,0,0,0,0,0,17,0,0,0,1416,7
1983,W,0,0,0,0,0,0,0,0,0,0,0,17,0,0,0,1416,7
1984,W,0,0,0,0,0,0,0,0,0,0,0,17,0,0,0,1416,7
1985,D,0,0,0,0,0,0,0,0,0,0,0,17,0,0,0,1416,7
1986,W,0,0,0,0,0,0,0,0,0,0,0,17,0,0,0,1416,7
1987,D,0,0,0,0,0,0,0,0,0,0,0,17,0,0,0,1416,7
1988,C,0,0,0,0,0,0,0,0,0,0,0,17,0,0,0,1416,7
1989,D,0,0,0,0,0,0,0,0,0,0,0,17,0,0,0,1416,7
1990,C,0,0,0,0,0,0,0,0,0,0,0,17,0,0,0,1416,7
1991,C,0,0,0,0,0,0,0,0,0,0,0,17,0,0,0,1416,7
1992,C,0,0,0,0,0,0,0,0,0,0,0,17,0,0,0,1416,7
1993,AN,0,0,0,0,0,0,0,0,0,0,0,17,0,0,0,1416,7
1994,C,0,0,0,0,0,0,0,0,0,0,0,17,0,0,0,1416,7
1995,W,0,0,0,0,0,0,0,0,0,0,0,17,0,0,0,1416,7
1996,W,0,0,0,0,0,0,0,0,0,0,0,17,0,0,0,1416,7
1997,W,0,0,0,0,0,0,0,0,0,0,0,17,0,0,0,1416,7
1998,W,0,0,0,0,0,0,0,0,0,0,0,17,0,0,0,1416,7
1999,W,0,0,0,0,0,0,0,0,0,0,0,17,0,0,0,1416,7
2000,AN,0,0,0,0,0,0,0,0,0,0,0,17,0,0,0,1416,7
2001,D,0,0,0,0,0,0,0,0,0,0,0,17,0,0,0,1416,7
2002,D,0,0,0,0,0,0,0,0,0,0,0,17,0,0,0,1416,7
2003,AN,0,0,0,0,0,0,0,0,0,0,0,17,0,0,0,1416,7
2004,BN,0,0,0,0,0,0,0,0,0,0,0,17,0,0,0,1416,7
2005,AN,0,0,0,0,0,0,0,0,0,0,0,17,0,0,0,1416,7
2006,W,0,0,0,0,0,0,0,0,0,0,0,17,0,0,0,1416,7
2007,D,0,0,0,0,0,0,0,0,0,0,0,17,0,0,0,1416,7
2008,C,0,0,0,0,0,0,0,0,0,0,0,17,0,0,0,1416,7
2009,D,0,0,0,0,0,0,0,0,0,0,0,17,0,0,0,1416,7
2010,BN,0,0,0,0,0,0,0,0,0,0,0,17,0,0,0,1416,7
2011,W,0,0,0,0,0,0,0,0,0,0,0,17,0,0,0,1416,7
2012,BN,0,0,0,0,0,0,0,0,0,0,0,17,0,0,0,1416,7
2013,D,0,0,0,0,0,0,0,0,0,0,0,17,0,0,0,1416,7
2014,C,0,0,0,0,0,0,0,0,0,0,0,17,0,0,0,1416,7
2015,C,0,0,0,0,0,0,0,0,0,0,0,17,0,0,0,1416,7
2016,BN,0,0,0,0,0,0,0,0,0,0,0,17,0,0,0,1416,7
2017,W,0,0,0,0,0,0,0,0,0,0,0,17,0,0,0,1416,7
2018,BN,0,0,0,0,0,0,0,0,0,0,0,17,0,0,0,1416,7
2019,W,0,0,0,0,0,0,0,0,0,0,0,17,0,0,0,1416,7
2020,AN,0,0,0,0,0,0,0,0,0,0,0,17,0,0,0,1416,7
2021,C,0,0,0,0,0,0,0,0,0,0,0,17,0,0,0,1416,7
2022,BN,0,0,0,0,0,0,0,0,0,0,0,17,0,0,0,1416,7
2023,BN,0,0,0,0,0,0,0,0,0,0,0,17,0,0,0,1416,7
2024,W,0,0,0,0,0,0,0,0,0,0,0,17,0,0,0,1416,7
1922,AN,1,0,0,0,0,0,0,0,0,0,0,518,202,0,0,0,8
1923,BN,1,0,0,0,0,0,0,0,0,0,0,518,202,0,0,0,8
1924,C,1,0,0,0,0,0,0,0,0,0,0,518,202,0,0,0,8
1925,D,1,0,0,0,0,0,0,0,0,0,0,518,202,0,0,0,8
1926,D,1,0,0,0,0,0,0,0,0,0,0,518,202,0,0,0,8
1927,W,1,0,0,0,0,0,0,0,0,0,0,518,202,0,0,0,8
1928,AN,1,0,0,0,0,0,0,0,0,0,0,518,202,0,0,0,8
1929,C,1,0,0,0,0,0,0,0,0,0,0,518,202,0,0,0,8
1930,D,1,0,0,0,0,0,0,0,0,0,0,518,202,0,0,0,8
1931,C,1,0,0,0,0,0,0,0,0,0,0,518,202,0,0,0,8
1932,D,1,0,0,0,0,0,0,0,0,0,0,518,202,0,0,0,8
1933,C,1,0,0,0,0,0,0,0,0,0,0,518,202,0,0,0,8
1934,C,1,0,0,0,0,0,0,0,0,0,0,518,202,0,0,0,8
1935,BN,1,0,0,0,0,0,0,0,0,0,0,518,202,0,0,0,8
1936,BN,1,0,0,0,0,0,0,0,0,0,0,518,202,0,0,0,8
1937,BN,1,0,0,0,0,0,0,0,0,0,0,518,202,0,0,0,8
1938,W,1,0,0,0,0,0,0,0,0,0,0,518,202,0,0,0,8
1939,D,1,0,0,0,0,0,0,0,0,0,0,518,202,0,0,0,8
1940,AN,1,0,0,0,0,0,0,0,0,0,0,518,202,0,0,0,8
1941,W,1,0,0,0,0,0,0,0,0,0,0,518,202,0,0,0,8
1942,W,1,0,0,0,0,0,0,0,0,0,0,518,202,0,0,0,8
1943,W,1,0,0,0,0,0,0,0,0,0,0,518,202,0,0,0,8
1944,D,1,0,0,0,0,0,0,0,0,0,0,518,202,0,0,0,8
1945,BN,1,0,0,0,0,0,0,0,0,0,0,518,202,0,0,0,8
1946,BN,1,0,0,0,0,0,0,0,0,0,0,518,202,0,0,0,8
1947,D,1,0,0,0,0,0,0,0,0,0,0,518,202,0,0,0,8
1948,BN,1,0,0,0,0,0,0,0,0,0,0,518,202,0,0,0,8
1949,D,1,0,0,0,0,0,0,0,0,0,0,518,202,0,0,0,8
1950,BN,1,0,0,0,0,0,0,0,0,0,0,518,202,0,0,0,8
1951,AN,1,0,0,0,0,0,0,0,0,0,0,518,202,0,0,0,8
1952,W,1,0,0,0,0,0,0,0,0,0,0,518,202,0,0,0,8
1953,W,1,0,0,0,0,0,0,0,0,0,0,518,202,0,0,0,8
1954,AN,1,0,0,0,0,0,0,0,0,0,0,518,202,0,0,0,8
1955,D,1,0,0,0,0,0,0,0,0,0,0,518,202,0,0,0,8
1956,W,1,0,0,0,0,0,0,0,0,0,0,518,202,0,0,0,8
1957,AN,1,0,0,0,0,0,0,0,0,0,0,518,202,0,0,0,8
1958,W,1,0,0,0,0,0,0,0,0,0,0,518,202,0,0,0,8
1959,BN,1,0,0,0,0,0,0,0,0,0,0,518,202,0,0,0,8
1960,D,1,0,0,0,0,0,0,0,0,0,0,518,202,0,0,0,8
1961,D,1,0,0,0,0,0,0,0,0,0,0,518,202,0,0,0,8
1962,BN,1,0,0,0,0,0,0,0,0,0,0,518,202,0,0,0,8
1963,W,1,0,0,0,0,0,0,0,0,0,0,518,202,0,0,0,8
1964,D,1,0,0,0,0,0,0,0,0,0,0,518,202,0,0,0,8
1965,W,1,0,0,0,0,0,0,0,0,0,0,518,202,0,0,0,8
1966,BN,1,0,0,0,0,0,0,0,0,0,0,518,202,0,0,0,8
1967,W,1,0,0,0,0,0,0,0,0,0,0,518,202,0,0,0,8
1968,BN,1,0,0,0,0,0,0,0,0,0,0,518,202,0,0,0,8
1969,W,1,0,0,0,0,0,0,0,0,0,0,518,202,0,0,0,8
1970,W,1,0,0,0,0,0,0,0,0,0,0,518,202,0,0,0,8
1971,W,1,0,0,0,0,0,0,0,0,0,0,518,202,0,0,0,8
1972,BN,1,0,0,0,0,0,0,0,0,0,0,518,202,0,0,0,8
1973,AN,1,0,0,0,0,0,0,0,0,0,0,518,202,0,0,0,8
1974,W,1,0,0,0,0,0,0,0,0,0,0,518,202,0,0,0,8
1975,W,1,0,0,0,0,0,0,0,0,0,0,518,202,0,0,0,8
1976,C,1,0,0,0,0,0,0,0,0,0,0,518,202,0,0,0,8
1977,C,1,0,0,0,0,0,0,0,0,0,0,518,202,0,0,0,8
1978,AN,1,0,0,0,0,0,0,0,0,0,0,518,202,0,0,0,8
1979,BN,1,0,0,0,0,0,0,0,0,0,0,518,202,0,0,0,8
1980,AN,1,0,0,0,0,0,0,0,0,0,0,518,202,0,0,0,8
1981,D,1,0,0,0,0,0,0,0,0,0,0,518,202,0,0,0,8
1982,W,1,0,0,0,0,0,0,0,0,0,0,518,202,0,0,0,8
1983,W,1,0,0,0,0,0,0,0,0,0,0,518,202,0,0,0,8
1984,W,1,0,0,0,0,0,0,0,0,0,0,518,202,0,0,0,8
1985,D,1,0,0,0,0,0,0,0,0,0,0,518,202,0,0,0,8
1986,W,1,0,0,0,0,0,0,0,0,0,0,518,202,0,0,0,8
1987,D,1,0,0,0,0,0,0,0,0,0,0,518,202,0,0,0,8
1988,C,1,0,0,0,0,0,0,0,0,0,0,518,202,0,0,0,8
1989,D,1,0,0,0,0,0,0,0,0,0,0,518,202,0,0,0,8
1990,C,1,0,0,0,0,0,0,0,0,0,0,518,202,0,0,0,8
1991,C,1,0,0,0,0,0,0,0,0,0,0,518,202,0,0,0,8
1992,C,1,0,0,0,0,0,0,0,0,0,0,518,202,0,0,0,8
1993,AN,1,0,0,0,0,0,0,0,0,0,0,518,202,0,0,0,8
1994,C,1,0,0,0,0,0,0,0,0,0,0,518,202,0,0,0,8
1995,W,1,0,0,0,0,0,0,0,0,0,0,518,202,0,0,0,8
1996,W,1,0,0,0,0,0,0,0,0,0,0,518,202,0,0,0,8
1997,W,1,0,0,0,0,0,0,0,0,0,0,518,202,0,0,0,8
1998,W,1,0,0,0,0,0,0,0,0,0,0,518,202,0,0,0,8
1999,W,1,0,0,0,0,0,0,0,0,0,0,518,202,0,0,0,8
2000,AN,1,0,0,0,0,0,0,0,0,0,0,518,202,0,0,0,8
2001,D,1,0,0,0,0,0,0,0,0,0,0,518,202,0,0,0,8
2002,D,1,0,0,0,0,0,0,0,0,0,0,518,202,0,0,0,8
2003,AN,1,0,0,0,0,0,0,0,0,0,0,518,202,0,0,0,8
2004,BN,1,0,0,0,0,0,0,0,0,0,0,518,202,0,0,0,8
2005,AN,1,0,0,0,0,0,0,0,0,0,0,518,202,0,0,0,8
2006,W,1,0,0,0,0,0,0,0,0,0,0,518,202,0,0,0,8
2007,D,1,0,0,0,0,0,0,0,0,0,0,518,202,0,0,0,8
2008,C,1,0,0,0,0,0,0,0,0,0,0,518,202,0,0,0,8
2009,D,1,0,0,0,0,0,0,0,0,0,0,518,202,0,0,0,8
2010,BN,1,0,0,0,0,0,0,0,0,0,0,518,202,0,0,0,8
2011,W,1,0,0,0,0,0,0,0,0,0,0,518,202,0,0,0,8
2012,BN,1,0,0,0,0,0,0,0,0,0,0,518,202,0,0,0,8
2013,D,1,0,0,0,0,0,0,0,0,0,0,518,202,0,0,0,8
2014,C,1,0,0,0,0,0,0,0,0,0,0,518,202,0,0,0,8
2015,C,1,0,0,0,0,0,0,0,0,0,0,518,202,0,0,0,8
2016,BN,1,0,0,0,0,0,0,0,0,0,0,518,202,0,0,0,8
2017,W,1,0,0,0,0,0,0,0,0,0,0,518,202,0,0,0,8
2018,BN,1,0,0,0,0,0,0,0,0,0,0,518,202,0,0,0,8
2019,W,1,0,0,0,0,0,0,0,0,0,0,518,202,0,0,0,8
2020,AN,1,0,0,0,0,0,0,0,0,0,0,518,202,0,0,0,8
2021,C,1,0,0,0,0,0,0,0,0,0,0,518,202,0,0,0,8
2022,BN,1,0,0,0,0,0,0,0,0,0,0,518,202,0,0,0,8
2023,BN,1,0,0,0,0,0,0,0,0,0,0,518,202,0,0,0,8
2024,W,1,0,0,0,0,0,0,0,0,0,0,518,202,0,0,0,8
1922,AN,160,60,0,0,0,0,0,0,0,0,0,95,184,0,0,2113,9
1923,BN,160,60,0,0,0,0,0,0,0,0,0,95,184,0,0,2113,9
1924,C,160,60,0,0,0,0,0,0,0,0,0,95,184,0,0,2113,9
1925,D,160,60,0,0,0,0,0,0,0,0,0,95,184,0,0,2113,9
1926,D,160,60,0,0,0,0,0,0,0,0,0,95,184,0,0,2113,9
1927,W,160,60,0,0,0,0,0,0,0,0,0,95,184,0,0,2113,9
1928,AN,160,60,0,0,0,0,0,0,0,0,0,95,184,0,0,2113,9
1929,C,160,60,0,0,0,0,0,0,0,0,0,95,184,0,0,2113,9
1930,D,160,60,0,0,0,0,0,0,0,0,0,95,184,0,0,2113,9
1931,C,160,60,0,0,0,0,0,0,0,0,0,95,184,0,0,2113,9
1932,D,160,60,0,0,0,0,0,0,0,0,0,95,184,0,0,2113,9
1933,C,160,60,0,0,0,0,0,0,0,0,0,95,184,0,0,2113,9
1934,C,160,60,0,0,0,0,0,0,0,0,0,95,184,0,0,2113,9
1935,BN,160,60,0,0,0,0,0,0,0,0,0,95,184,0,0,2113,9
1936,BN,160,60,0,0,0,0,0,0,0,0,0,95,184,0,0,2113,9
1937,BN,160,60,0,0,0,0,0,0,0,0,0,95,184,0,0,2113,9
1938,W,160,60,0,0,0,0,0,0,0,0,0,95,184,0,0,2113,9
1939,D,160,60,0,0,0,0,0,0,0,0,0,95,184,0,0,2113,9
1940,AN,160,60,0,0,0,0,0,0,0,0,0,95,184,0,0,2113,9
1941,W,160,60,0,0,0,0,0,0,0,0,0,95,184,0,0,2113,9
1942,W,160,60,0,0,0,0,0,0,0,0,0,95,184,0,0,2113,9
1943,W,160,60,0,0,0,0,0,0,0,0,0,95,184,0,0,2113,9
1944,D,160,60,0,0,0,0,0,0,0,0,0,95,184,0,0,2113,9
1945,BN,160,60,0,0,0,0,0,0,0,0,0,95,184,0,0,2113,9
1946,BN,160,60,0,0,0,0,0,0,0,0,0,95,184,0,0,2113,9
1947,D,160,60,0,0,0,0,0,0,0,0,0,95,184,0,0,2113,9
1948,BN,160,60,0,0,0,0,0,0,0,0,0,95,184,0,0,2113,9
1949,D,160,60,0,0,0,0,0,0,0,0,0,95,184,0,0,2113,9
1950,BN,160,60,0,0,0,0,0,0,0,0,0,95,184,0,0,2113,9
1951,AN,160,60,0,0,0,0,0,0,0,0,0,95,184,0,0,2113,9
1952,W,160,60,0,0,0,0,0,0,0,0,0,95,184,0,0,2113,9
1953,W,160,60,0,0,0,0,0,0,0,0,0,95,184,0,0,2113,9
1954,AN,160,60,0,0,0,0,0,0,0,0,0,95,184,0,0,2113,9
1955,D,160,60,0,0,0,0,0,0,0,0,0,95,184,0,0,2113,9
1956,W,160,60,0,0,0,0,0,0,0,0,0,95,184,0,0,2113,9
1957,AN,160,60,0,0,0,0,0,0,0,0,0,95,184,0,0,2113,9
1958,W,160,60,0,0,0,0,0,0,0,0,0,95,184,0,0,2113,9
1959,BN,160,60,0,0,0,0,0,0,0,0,0,95,184,0,0,2113,9
1960,D,160,60,0,0,0,0,0,0,0,0,0,95,184,0,0,2113,9
1961,D,160,60,0,0,0,0,0,0,0,0,0,95,184,0,0,2113,9
1962,BN,160,60,0,0,0,0,0,0,0,0,0,95,184,0,0,2113,9
1963,W,160,60,0,0,0,0,0,0,0,0,0,95,184,0,0,2113,9
1964,D,160,60,0,0,0,0,0,0,0,0,0,95,184,0,0,2113,9
1965,W,160,60,0,0,0,0,0,0,0,0,0,95,184,0,0,2113,9
1966,BN,160,60,0,0,0,0,0,0,0,0,0,95,184,0,0,2113,9
1967,W,160,60,0,0,0,0,0,0,0,0,0,95,184,0,0,2113,9
1968,BN,160,60,0,0,0,0,0,0,0,0,0,95,184,0,0,2113,9
1969,W,160,60,0,0,0,0,0,0,0,0,0,95,184,0,0,2113,9
1970,W,160,60,0,0,0,0,0,0,0,0,0,95,184,0,0,2113,9
1971,W,160,60,0,0,0,0,0,0,0,0,0,95,184,0,0,2113,9
1972,BN,160,60,0,0,0,0,0,0,0,0,0,95,184,0,0,2113,9
1973,AN,160,60,0,0,0,0,0,0,0,0,0,95,184,0,0,2113,9
1974,W,160,60,0,0,0,0,0,0,0,0,0,95,184,0,0,2113,9
1975,W,160,60,0,0,0,0,0,0,0,0,0,95,184,0,0,2113,9
1976,C,160,60,0,0,0,0,0,0,0,0,0,95,184,0,0,2113,9
1977,C,160,60,0,0,0,0,0,0,0,0,0,95,184,0,0,2113,9
1978,AN,160,60,0,0,0,0,0,0,0,0,0,95,184,0,0,2113,9
1979,BN,160,60,0,0,0,0,0,0,0,0,0,95,184,0,0,2113,9
1980,AN,160,60,0,0,0,0,0,0,0,0,0,95,184,0,0,2113,9
1981,D,160,60,0,0,0,0,0,0,0,0,0,95,184,0,0,2113,9
1982,W,160,60,0,0,0,0,0,0,0,0,0,95,184,0,0,2113,9
1983,W,160,60,0,0,0,0,0,0,0,0,0,95,184,0,0,2113,9
1984,W,160,60,0,0,0,0,0,0,0,0,0,95,184,0,0,2113,9
1985,D,160,60,0,0,0,0,0,0,0,0,0,95,184,0,0,2113,9
1986,W,160,60,0,0,0,0,0,0,0,0,0,95,184,0,0,2113,9
1987,D,160,60,0,0,0,0,0,0,0,0,0,95,184,0,0,2113,9
1988,C,160,60,0,0,0,0,0,0,0,0,0,95,184,0,0,2113,9
1989,D,160,60,0,0,0,0,0,0,0,0,0,95,184,0,0,2113,9
1990,C,160,60,0,0,0,0,0,0,0,0,0,95,184,0,0,2113,9
1991,C,160,60,0,0,0,0,0,0,0,0,0,95,184,0,0,2113,9
1992,C,160,60,0,0,0,0,0,0,0,0,0,95,184,0,0,2113,9
1993,AN,160,60,0,0,0,0,0,0,0,0,0,95,184,0,0,2113,9
1994,C,160,60,0,0,0,0,0,0,0,0,0,95,184,0,0,2113,9
1995,W,160,60,0,0,0,0,0,0,0,0,0,95,184,0,0,2113,9
1996,W,160,60,0,0,0,0,0,0,0,0,0,95,184,0,0,2113,9
1997,W,160,60,0,0,0,0,0,0,0,0,0,95,184,0,0,2113,9
1998,W,160,60,0,0,0,0,0,0,0,0,0,95,184,0,0,2113,9
1999,W,160,60,0,0,0,0,0,0,0,0,0,95,184,0,0,2113,9
2000,AN,160,60,0,0,0,0,0,0,0,0,0,95,184,0,0,2113,9
2001,D,160,60,0,0,0,0,0,0,0,0,0,95,184,0,0,2113,9
2002,D,160,60,0,0,0,0,0,0,0,0,0,95,184,0,0,2113,9
2003,AN,160,60,0,0,0,0,0,0,0,0,0,95,184,0,0,2113,9
2004,BN,160,60,0,0,0,0,0,0,0,0,0,95,184,0,0,2113,9
2005,AN,160,60,0,0,0,0,0,0,0,0,0,95,184,0,0,2113,9
2006,W,160,60,0,0,0,0,0,0,0,0,0,95,184,0,0,2113,9
2007,D,160,60,0,0,0,0,0,0,0,0,0,95,184,0,0,2113,9
2008,C,160,60,0,0,0,0,0,0,0,0,0,95,184,0,0,2113,9
2009,D,160,60,0,0,0,0,0,0,0,0,0,95,184,0,0,2113,9
2010,BN,160,60,0,0,0,0,0,0,0,0,0,95,184,0,0,2113,9
2011,W,160,60,0,0,0,0,0,0,0,0,0,95,184,0,0,2113,9
2012,BN,160,60,0,0,0,0,0,0,0,0,0,95,184,0,0,2113,9
2013,D,160,60,0,0,0,0,0,0,0,0,0,95,184,0,0,2113,9
2014,C,160,60,0,0,0,0,0,0,0,0,0,95,184,0,0,2113,9
2015,C,160,60,0,0,0,0,0,0,0,0,0,95,184,0,0,2113,9
2016,BN,160,60,0,0,0,0,0,0,0,0,0,95,184,0,0,2113,9
2017,W,160,60,0,0,0,0,0,0,0,0,0,95,184,0,0,2113,9
2018,BN,160,60,0,0,0,0,0,0,0,0,0,95,184,0,0,2113,9
2019,W,160,60,0,0,0,0,0,0,0,0,0,95,184,0,0,2113,9
2020,AN,160,60,0,0,0,0,0,0,0,0,0,95,184,0,0,2113,9
2021,C,160,60,0,0,0,0,0,0,0,0,0,95,184,0,0,2113,9
2022,BN,160,60,0,0,0,0,0,0,0,0,0,95,184,0,0,2113,9
2023,BN,160,60,0,0,0,0,0,0,0,0,0,95,184,0,0,2113,9
2024,W,160,60,0,0,0,0,0,0,0,0,0,95,184,0,0,2113,9
1922,AN,9,148,0,73,0,118,0,0,0,1,0,612,357,0,0,0,10
1923,BN,9,148,0,73,0,118,0,0,0,1,0,612,357,0,0,0,10
1924,C,9,148,0,73,0,118,0,0,0,1,0,612,357,0,0,0,10
1925,D,9,148,0,73,0,118,0,0,0,1,0,612,357,0,0,0,10
1926,D,9,148,0,73,0,118,0,0,0,1,0,612,357,0,0,0,10
1927,W,9,148,0,73,0,118,0,0,0,1,0,612,357,0,0,0,10
1928,AN,9,148,0,73,0,118,0,0,0,1,0,612,357,0,0,0,10
1929,C,9,148,0,73,0,118,0,0,0,1,0,612,357,0,0,0,10
1930,D,9,148,0,73,0,118,0,0,0,1,0,612,357,0,0,0,10
1931,C,9,148,0,73,0,118,0,0,0,1,0,612,357,0,0,0,10
1932,D,9,148,0,73,0,118,0,0,0,1,0,612,357,0,0,0,10
1933,C,9,148,0,73,0,118,0,0,0,1,0,612,357,0,0,0,10
1934,C,9,148,0,73,0,118,0,0,0,1,0,612,357,0,0,0,10
1935,BN,9,148,0,73,0,118,0,0,0,1,0,612,357,0,0,0,10
1936,BN,9,148,0,73,0,118,0,0,0,1,0,612,357,0,0,0,10
1937,BN,9,148,0,73,0,118,0,0,0,1,0,612,357,0,0,0,10
1938,W,9,148,0,73,0,118,0,0,0,1,0,612,357,0,0,0,10
1939,D,9,148,0,73,0,118,0,0,0,1,0,612,357,0,0,0,10
1940,AN,9,148,0,73,0,118,0,0,0,1,0,612,357,0,0,0,10
1941,W,9,148,0,73,0,118,0,0,0,1,0,612,357,0,0,0,10
1942,W,9,148,0,73,0,118,0,0,0,1,0,612,357,0,0,0,10
1943,W,9,148,0,73,0,118,0,0,0,1,0,612,357,0,0,0,10
1944,D,9,148,0,73,0,118,0,0,0,1,0,612,357,0,0,0,10
1945,BN,9,148,0,73,0,118,0,0,0,1,0,612,357,0,0,0,10
1946,BN,9,148,0,73,0,118,0,0,0,1,0,612,357,0,0,0,10
1947,D,9,148,0,73,0,118,0,0,0,1,0,612,357,0,0,0,10
1948,BN,9,148,0,73,0,118,0,0,0,1,0,612,357,0,0,0,10
1949,D,9,148,0,73,0,118,0,0,0,1,0,612,357,0,0,0,10
1950,BN,9,148,0,73,0,118,0,0,0,1,0,612,357,0,0,0,10
1951,AN,9,148,0,73,0,118,0,0,0,1,0,612,357,0,0,0,10
1952,W,9,148,0,73,0,118,0,0,0,1,0,612,357,0,0,0,10
1953,W,9,148,0,73,0,118,0,0,0,1,0,612,357,0,0,0,10
1954,AN,9,148,0,73,0,118,0,0,0,1,0,612,357,0,0,0,10
1955,D,9,148,0,73,0,118,0,0,0,1,0,612,357,0,0,0,10
1956,W,9,148,0,73,0,118,0,0,0,1,0,612,357,0,0,0,10
1957,AN,9,148,0,73,0,118,0,0,0,1,0,612,357,0,0,0,10
1958,W,9,148,0,73,0,118,0,0,0,1,0,612,357,0,0,0,10
1959,BN,9,148,0,73,0,118,0,0,0,1,0,612,357,0,0,0,10
1960,D,9,148,0,73,0,118,0,0,0,1,0,612,357,0,0,0,10
1961,D,9,148,0,73,0,118,0,0,0,1,0,612,357,0,0,0,10
1962,BN,9,148,0,73,0,118,0,0,0,1,0,612,357,0,0,0,10
1963,W,9,148,0,73,0,118,0,0,0,1,0,612,357,0,0,0,10
1964,D,9,148,0,73,0,118,0,0,0,1,0,612,357,0,0,0,10
1965,W,9,148,0,73,0,118,0,0,0,1,0,612,357,0,0,0,10
1966,BN,9,148,0,73,0,118,0,0,0,1,0,612,357,0,0,0,10
1967,W,9,148,0,73,0,118,0,0,0,1,0,612,357,0,0,0,10
1968,BN,9,148,0,73,0,118,0,0,0,1,0,612,357,0,0,0,10
1969,W,9,148,0,73,0,118,0,0,0,1,0,612,357,0,0,0,10
1970,W,9,148,0,73,0,118,0,0,0,1,0,612,357,0,0,0,10
1971,W,9,148,0,73,0,118,0,0,0,1,0,612,357,0,0,0,10
1972,BN,9,148,0,73,0,118,0,0,0,1,0,612,357,0,0,0,10
1973,AN,9,148,0,73,0,118,0,0,0,1,0,612,357,0,0,0,10
1974,W,9,148,0,73,0,118,0,0,0,1,0,612,357,0,0,0,10
1975,W,9,148,0,73,0,118,0,0,0,1,0,612,357,0,0,0,10
1976,C,9,148,0,73,0,118,0,0,0,1,0,612,357,0,0,0,10
1977,C,9,148,0,73,0,118,0,0,0,1,0,612,357,0,0,0,10
1978,AN,9,148,0,73,0,118,0,0,0,1,0,612,357,0,0,0,10
1979,BN,9,148,0,73,0,118,0,0,0,1,0,612,357,0,0,0,10
1980,AN,9,148,0,73,0,118,0,0,0,1,0,612,357,0,0,0,10
1981,D,9,148,0,73,0,118,0,0,0,1,0,612,357,0,0,0,10
1982,W,9,148,0,73,0,118,0,0,0,1,0,612,357,0,0,0,10
1983,W,9,148,0,73,0,118,0,0,0,1,0,612,357,0,0,0,10
1984,W,9,148,0,73,0,118,0,0,0,1,0,612,357,0,0,0,10
1985,D,9,148,0,73,0,118,0,0,0,1,0,612,357,0,0,0,10
1986,W,9,148,0,73,0,118,0,0,0,1,0,612,357,0,0,0,10
1987,D,9,148,0,73,0,118,0,0,0,1,0,612,357,0,0,0,10
1988,C,9,148,0,73,0,118,0,0,0,1,0,612,357,0,0,0,10
1989,D,9,148,0,73,0,118,0,0,0,1,0,612,357,0,0,0,10
1990,C,9,148,0,73,0,118,0,0,0,1,0,612,357,0,0,0,10
1991,C,9,148,0,73,0,118,0,0,0,1,0,612,357,0,0,0,10
1992,C,9,148,0,73,0,118,0,0,0,1,0,612,357,0,0,0,10
1993,AN,9,148,0,73,0,118,0,0,0,1,0,612,357,0,0,0,10
1994,C,9,148,0,73,0,118,0,0,0,1,0,612,357,0,0,0,10
1995,W,9,148,0,73,0,118,0,0,0,1,0,612,357,0,0,0,10
1996,W,9,148,0,73,0,118,0,0,0,1,0,612,357,0,0,0,10
1997,W,9,148,0,73,0,118,0,0,0,1,0,612,357,0,0,0,10
1998,W,9,148,0,73,0,118,0,0,0,1,0,612,357,0,0,0,10
1999,W,9,148,0,73,0,118,0,0,0,1,0,612,357,0,0,0,10
2000,AN,9,148,0,73,0,118,0,0,0,1,0,612,357,0,0,0,10
2001,D,9,148,0,73,0,118,0,0,0,1,0,612,357,0,0,0,10
2002,D,9,148,0,73,0,118,0,0,0,1,0,612,357,0,0,0,10
2003,AN,9,148,0,73,0,118,0,0,0,1,0,612,357,0,0,0,10
2004,BN,9,148,0,73,0,118,0,0,0,1,0,612,357,0,0,0,10
2005,AN,9,148,0,73,0,118,0,0,0,1,0,612,357,0,0,0,10
2006,W,9,148,0,73,0,118,0,0,0,1,0,612,357,0,0,0,10
2007,D,9,148,0,73,0,118,0,0,0,1,0,612,357,0,0,0,10
2008,C,9,148,0,73,0,118,0,0,0,1,0,612,357,0,0,0,10
2009,D,9,148,0,73,0,118,0,0,0,1,0,612,357,0,0,0,10
2010,BN,9,148,0,73,0,118,0,0,0,1,0,612,357,0,0,0,10
2011,W,9,148,0,73,0,118,0,0,0,1,0,612,357,0,0,0,10
2012,BN,9,148,0,73,0,118,0,0,0,1,0,612,357,0,0,0,10
2013,D,9,148,0,73,0,118,0,0,0,1,0,612,357,0,0,0,10
2014,C,9,148,0,73,0,118,0,0,0,1,0,612,357,0,0,0,10
2015,C,9,148,0,73,0,118,0,0,0,1,0,612,357,0,0,0,10
2016,BN,9,148,0,73,0,118,0,0,0,1,0,612,357,0,0,0,10
2017,W,9,148,0,73,0,118,0,0,0,1,0,612,357,0,0,0,10
2018,BN,9,148,0,73,0,118,0,0,0,1,0,612,357,0,0,0,10
2019,W,9,148,0,73,0,118,0,0,0,1,0,612,357,0,0,0,10
2020,AN,9,148,0,73,0,118,0,0,0,1,0,612,357,0,0,0,10
2021,C,9,148,0,73,0,118,0,0,0,1,0,612,357,0,0,0,10
2022,BN,9,148,0,73,0,118,0,0,0,1,0,612,357,0,0,0,10
2023,BN,9,148,0,73,0,118,0,0,0,1,0,612,357,0,0,0,10
2024,W,9,148,0,73,0,118,0,0,0,1,0,612,357,0,0,0,10
1922,AN,13,0,0,0,0,0,0,0,0,0,0,3,306,0,0,1743,11
1923,BN,13,0,0,0,0,0,0,0,0,0,0,3,306,0,0,1743,11
1924,C,13,0,0,0,0,0,0,0,0,0,0,3,306,0,0,1743,11
1925,D,13,0,0,0,0,0,0,0,0,0,0,3,306,0,0,1743,11
1926,D,13,0,0,0,0,0,0,0,0,0,0,3,306,0,0,1743,11
1927,W,13,0,0,0,0,0,0,0,0,0,0,3,306,0,0,1743,11
1928,AN,13,0,0,0,0,0,0,0,0,0,0,3,306,0,0,1743,11
1929,C,13,0,0,0,0,0,0,0,0,0,0,3,306,0,0,1743,11
1930,D,13,0,0,0,0,0,0,0,0,0,0,3,306,0,0,1743,11
1931,C,13,0,0,0,0,0,0,0,0,0,0,3,306,0,0,1743,11
1932,D,13,0,0,0,0,0,0,0,0,0,0,3,306,0,0,1743,11
1933,C,13,0,0,0,0,0,0,0,0,0,0,3,306,0,0,1743,11
1934,C,13,0,0,0,0,0,0,0,0,0,0,3,306,0,0,1743,11
1935,BN,13,0,0,0,0,0,0,0,0,0,0,3,306,0,0,1743,11
1936,BN,13,0,0,0,0,0,0,0,0,0,0,3,306,0,0,1743,11
1937,BN,13,0,0,0,0,0,0,0,0,0,0,3,306,0,0,1743,11
1938,W,13,0,0,0,0,0,0,0,0,0,0,3,306,0,0,1743,11
1939,D,13,0,0,0,0,0,0,0,0,0,0,3,306,0,0,1743,11
1940,AN,13,0,0,0,0,0,0,0,0,0,0,3,306,0,0,1743,11
1941,W,13,0,0,0,0,0,0,0,0,0,0,3,306,0,0,1743,11
1942,W,13,0,0,0,0,0,0,0,0,0,0,3,306,0,0,1743,11
1943,W,13,0,0,0,0,0,0,0,0,0,0,3,306,0,0,1743,11
1944,D,13,0,0,0,0,0,0,0,0,0,0,3,306,0,0,1743,11
1945,BN,13,0,0,0,0,0,0,0,0,0,0,3,306,0,0,1743,11
1946,BN,13,0,0,0,0,0,0,0,0,0,0,3,306,0,0,1743,11
1947,D,13,0,0,0,0,0,0,0,0,0,0,3,306,0,0,1743,11
1948,BN,13,0,0,0,0,0,0,0,0,0,0,3,306,0,0,1743,11
1949,D,13,0,0,0,0,0,0,0,0,0,0,3,306,0,0,1743,11
1950,BN,13,0,0,0,0,0,0,0,0,0,0,3,306,0,0,1743,11
1951,AN,13,0,0,0,0,0,0,0,0,0,0,3,306,0,0,1743,11
1952,W,13,0,0,0,0,0,0,0,0,0,0,3,306,0,0,1743,11
1953,W,13,0,0,0,0,0,0,0,0,0,0,3,306,0,0,1743,11
1954,AN,13,0,0,0,0,0,0,0,0,0,0,3,306,0,0,1743,11
1955,D,13,0,0,0,0,0,0,0,0,0,0,3,306,0,0,1743,11
1956,W,13,0,0,0,0,0,0,0,0,0,0,3,306,0,0,1743,11
1957,AN,13,0,0,0,0,0,0,0,0,0,0,3,306,0,0,1743,11
1958,W,13,0,0,0,0,0,0,0,0,0,0,3,306,0,0,1743,11
1959,BN,13,0,0,0,0,0,0,0,0,0,0,3,306,0,0,1743,11
1960,D,13,0,0,0,0,0,0,0,0,0,0,3,306,0,0,1743,11
1961,D,13,0,0,0,0,0,0,0,0,0,0,3,306,0,0,1743,11
1962,BN,13,0,0,0,0,0,0,0,0,0,0,3,306,0,0,1743,11
1963,W,13,0,0,0,0,0,0,0,0,0,0,3,306,0,0,1743,11
1964,D,13,0,0,0,0,0,0,0,0,0,0,3,306,0,0,1743,11
1965,W,13,0,0,0,0,0,0,0,0,0,0,3,306,0,0,1743,11
1966,BN,13,0,0,0,0,0,0,0,0,0,0,3,306,0,0,1743,11
1967,W,13,0,0,0,0,0,0,0,0,0,0,3,306,0,0,1743,11
1968,BN,13,0,0,0,0,0,0,0,0,0,0,3,306,0,0,1743,11
1969,W,13,0,0,0,0,0,0,0,0,0,0,3,306,0,0,1743,11
1970,W,13,0,0,0,0,0,0,0,0,0,0,3,306,0,0,1743,11
1971,W,13,0,0,0,0,0,0,0,0,0,0,3,306,0,0,1743,11
1972,BN,13,0,0,0,0,0,0,0,0,0,0,3,306,0,0,1743,11
1973,AN,13,0,0,0,0,0,0,0,0,0,0,3,306,0,0,1743,11
1974,W,13,0,0,0,0,0,0,0,0,0,0,3,306,0,0,1743,11
1975,W,13,0,0,0,0,0,0,0,0,0,0,3,306,0,0,1743,11
1976,C,13,0,0,0,0,0,0,0,0,0,0,3,306,0,0,1743,11
1977,C,13,0,0,0,0,0,0,0,0,0,0,3,306,0,0,1743,11
1978,AN,13,0,0,0,0,0,0,0,0,0,0,3,306,0,0,1743,11
1979,BN,13,0,0,0,0,0,0,0,0,0,0,3,306,0,0,1743,11
1980,AN,13,0,0,0,0,0,0,0,0,0,0,3,306,0,0,1743,11
1981,D,13,0,0,0,0,0,0,0,0,0,0,3,306,0,0,1743,11
1982,W,13,0,0,0,0,0,0,0,0,0,0,3,306,0,0,1743,11
1983,W,13,0,0,0,0,0,0,0,0,0,0,3,306,0,0,1743,11
1984,W,13,0,0,0,0,0,0,0,0,0,0,3,306,0,0,1743,11
1985,D,13,0,0,0,0,0,0,0,0,0,0,3,306,0,0,1743,11
1986,W,13,0,0,0,0,0,0,0,0,0,0,3,306,0,0,1743,11
1987,D,13,0,0,0,0,0,0,0,0,0,0,3,306,0,0,1743,11
1988,C,13,0,0,0,0,0,0,0,0,0,0,3,306,0,0,1743,11
1989,D,13,0,0,0,0,0,0,0,0,0,0,3,306,0,0,1743,11
1990,C,13,0,0,0,0,0,0,0,0,0,0,3,306,0,0,1743,11
1991,C,13,0,0,0,0,0,0,0,0,0,0,3,306,0,0,1743,11
1992,C,13,0,0,0,0,0,0,0,0,0,0,3,306,0,0,1743,11
1993,AN,13,0,0,0,0,0,0,0,0,0,0,3,306,0,0,1743,11
1994,C,13,0,0,0,0,0,0,0,0,0,0,3,306,0,0,1743,11
1995,W,13,0,0,0,0,0,0,0,0,0,0,3,306,0,0,1743,11
1996,W,13,0,0,0,0,0,0,0,0,0,0,3,306,0,0,1743,11
1997,W,13,0,0,0,0,0,0,0,0,0,0,3,306,0,0,1743,11
1998,W,13,0,0,0,0,0,0,0,0,0,0,3,306,0,0,1743,11
1999,W,13,0,0,0,0,0,0,0,0,0,0,3,306,0,0,1743,11
2000,AN,13,0,0,0,0,0,0,0,0,0,0,3,306,0,0,1743,11
2001,D,13,0,0,0,0,0,0,0,0,0,0,3,306,0,0,1743,11
2002,D,13,0,0,0,0,0,0,0,0,0,0,3,306,0,0,1743,11
2003,AN,13,0,0,0,0,0,0,0,0,0,0,3,306,0,0,1743,11
2004,BN,13,0,0,0,0,0,0,0,0,0,0,3,306,0,0,1743,11
2005,AN,13,0,0,0,0,0,0,0,0,0,0,3,306,0,0,1743,11
2006,W,13,0,0,0,0,0,0,0,0,0,0,3,306,0,0,1743,11
2007,D,13,0,0,0,0,0,0,0,0,0,0,3,306,0,0,1743,11
2008,C,13,0,0,0,0,0,0,0,0,0,0,3,306,0,0,1743,11
2009,D,13,0,0,0,0,0,0,0,0,0,0,3,306,0,0,1743,11
2010,BN,13,0,0,0,0,0,0,0,0,0,0,3,306,0,0,1743,11
2011,W,13,0,0,0,0,0,0,0,0,0,0,3,306,0,0,1743,11
2012,BN,13,0,0,0,0,0,0,0,0,0,0,3,306,0,0,1743,11
2013,D,13,0,0,0,0,0,0,0,0,0,0,3,306,0,0,1743,11
2014,C,13,0,0,0,0,0,0,0,0,0,0,3,306,0,0,1743,11
2015,C,13,0,0,0,0,0,0,0,0,0,0,3,306,0,0,1743,11
2016,BN,13,0,0,0,0,0,0,0,0,0,0,3,306,0,0,1743,11
2017,W,13,0,0,0,0,0,0,0,0,0,0,3,306,0,0,1743,11
2018,BN,13,0,0,0,0,0,0,0,0,0,0,3,306,0,0,1743,11
2019,W,13,0,0,0,0,0,0,0,0,0,0,3,306,0,0,1743,11
2020,AN,13,0,0,0,0,0,0,0,0,0,0,3,306,0,0,1743,11
2021,C,13,0,0,0,0,0,0,0,0,0,0,3,306,0,0,1743,11
2022,BN,13,0,0,0,0,0,0,0,0,0,0,3,306,0,0,1743,11
2023,BN,13,0,0,0,0,0,0,0,0,0,0,3,306,0,0,1743,11
2024,W,13,0,0,0,0,0,0,0,0,0,0,3,306,0,0,1743,11
1922,AN,189,0,0,0,0,0,0,0,0,0,0,1,1737,0,0,1,12
1923,BN,189,0,0,0,0,0,0,0,0,0,0,1,1737,0,0,1,12
1924,C,189,0,0,0,0,0,0,0,0,0,0,1,1737,0,0,1,12
1925,D,189,0,0,0,0,0,0,0,0,0,0,1,1737,0,0,1,12
1926,D,189,0,0,0,0,0,0,0,0,0,0,1,1737,0,0,1,12
1927,W,189,0,0,0,0,0,0,0,0,0,0,1,1737,0,0,1,12
1928,AN,189,0,0,0,0,0,0,0,0,0,0,1,1737,0,0,1,12
1929,C,189,0,0,0,0,0,0,0,0,0,0,1,1737,0,0,1,12
1930,D,189,0,0,0,0,0,0,0,0,0,0,1,1737,0,0,1,12
1931,C,189,0,0,0,0,0,0,0,0,0,0,1,1737,0,0,1,12
1932,D,189,0,0,0,0,0,0,0,0,0,0,1,1737,0,0,1,12
1933,C,189,0,0,0,0,0,0,0,0,0,0,1,1737,0,0,1,12
1934,C,189,0,0,0,0,0,0,0,0,0,0,1,1737,0,0,1,12
1935,BN,189,0,0,0,0,0,0,0,0,0,0,1,1737,0,0,1,12
1936,BN,189,0,0,0,0,0,0,0,0,0,0,1,1737,0,0,1,12
1937,BN,189,0,0,0,0,0,0,0,0,0,0,1,1737,0,0,1,12
1938,W,189,0,0,0,0,0,0,0,0,0,0,1,1737,0,0,1,12
1939,D,189,0,0,0,0,0,0,0,0,0,0,1,1737,0,0,1,12
1940,AN,189,0,0,0,0,0,0,0,0,0,0,1,1737,0,0,1,12
1941,W,189,0,0,0,0,0,0,0,0,0,0,1,1737,0,0,1,12
1942,W,189,0,0,0,0,0,0,0,0,0,0,1,1737,0,0,1,12
1943,W,189,0,0,0,0,0,0,0,0,0,0,1,1737,0,0,1,12
1944,D,189,0,0,0,0,0,0,0,0,0,0,1,1737,0,0,1,12
1945,BN,189,0,0,0,0,0,0,0,0,0,0,1,1737,0,0,1,12
1946,BN,189,0,0,0,0,0,0,0,0,0,0,1,1737,0,0,1,12
1947,D,189,0,0,0,0,0,0,0,0,0,0,1,1737,0,0,1,12
1948,BN,189,0,0,0,0,0,0,0,0,0,0,1,1737,0,0,1,12
1949,D,189,0,0,0,0,0,0,0,0,0,0,1,1737,0,0,1,12
1950,BN,189,0,0,0,0,0,0,0,0,0,0,1,1737,0,0,1,12
1951,AN,189,0,0,0,0,0,0,0,0,0,0,1,1737,0,0,1,12
1952,W,189,0,0,0,0,0,0,0,0,0,0,1,1737,0,0,1,12
1953,W,189,0,0,0,0,0,0,0,0,0,0,1,1737,0,0,1,12
1954,AN,189,0,0,0,0,0,0,0,0,0,0,1,1737,0,0,1,12
1955,D,189,0,0,0,0,0,0,0,0,0,0,1,1737,0,0,1,12
1956,W,189,0,0,0,0,0,0,0,0,0,0,1,1737,0,0,1,12
1957,AN,189,0,0,0,0,0,0,0,0,0,0,1,1737,0,0,1,12
1958,W,189,0,0,0,0,0,0,0,0,0,0,1,1737,0,0,1,12
1959,BN,189,0,0,0,0,0,0,0,0,0,0,1,1737,0,0,1,12
1960,D,189,0,0,0,0,0,0,0,0,0,0,1,1737,0,0,1,12
1961,D,189,0,0,0,0,0,0,0,0,0,0,1,1737,0,0,1,12
1962,BN,189,0,0,0,0,0,0,0,0,0,0,1,1737,0,0,1,12
1963,W,189,0,0,0,0,0,0,0,0,0,0,1,1737,0,0,1,12
1964,D,189,0,0,0,0,0,0,0,0,0,0,1,1737,0,0,1,12
1965,W,189,0,0,0,0,0,0,0,0,0,0,1,1737,0,0,1,12
1966,BN,189,0,0,0,0,0,0,0,0,0,0,1,1737,0,0,1,12
1967,W,189,0,0,0,0,0,0,0,0,0,0,1,1737,0,0,1,12
1968,BN,189,0,0,0,0,0,0,0,0,0,0,1,1737,0,0,1,12
1969,W,189,0,0,0,0,0,0,0,0,0,0,1,1737,0,0,1,12
1970,W,189,0,0,0,0,0,0,0,0,0,0,1,1737,0,0,1,12
1971,W,189,0,0,0,0,0,0,0,0,0,0,1,1737,0,0,1,12
1972,BN,189,0,0,0,0,0,0,0,0,0,0,1,1737,0,0,1,12
1973,AN,189,0,0,0,0,0,0,0,0,0,0,1,1737,0,0,1,12
1974,W,189,0,0,0,0,0,0,0,0,0,0,1,1737,0,0,1,12
1975,W,189,0,0,0,0,0,0,0,0,0,0,1,1737,0,0,1,12
1976,C,189,0,0,0,0,0,0,0,0,0,0,1,1737,0,0,1,12
1977,C,189,0,0,0,0,0,0,0,0,0,0,1,1737,0,0,1,12
1978,AN,189,0,0,0,0,0,0,0,0,0,0,1,1737,0,0,1,12
1979,BN,189,0,0,0,0,0,0,0,0,0,0,1,1737,0,0,1,12
1980,AN,189,0,0,0,0,0,0,0,0,0,0,1,1737,0,0,1,12
1981,D,189,0,0,0,0,0,0,0,0,0,0,1,1737,0,0,1,12
1982,W,189,0,0,0,0,0,0,0,0,0,0,1,1737,0,0,1,12
1983,W,189,0,0,0,0,0,0,0,0,0,0,1,1737,0,0,1,12
1984,W,189,0,0,0,0,0,0,0,0,0,0,1,1737,0,0,1,12
1985,D,189,0,0,0,0,0,0,0,0,0,0,1,1737,0,0,1,12
1986,W,189,0,0,0,0,0,0,0,0,0,0,1,1737,0,0,1,12
1987,D,189,0,0,0,0,0,0,0,0,0,0,1,1737,0,0,1,12
1988,C,189,0,0,0,0,0,0,0,0,0,0,1,1737,0,0,1,12
1989,D,189,0,0,0,0,0,0,0,0,0,0,1,1737,0,0,1,12
1990,C,189,0,0,0,0,0,0,0,0,0,0,1,1737,0,0,1,12
1991,C,189,0,0,0,0,0,0,0,0,0,0,1,1737,0,0,1,12
1992,C,189,0,0,0,0,0,0,0,0,0,0,1,1737,0,0,1,12
1993,AN,189,0,0,0,0,0,0,0,0,0,0,1,1737,0,0,1,12
1994,C,189,0,0,0,0,0,0,0,0,0,0,1,1737,0,0,1,12
1995,W,189,0,0,0,0,0,0,0,0,0,0,1,1737,0,0,1,12
1996,W,189,0,0,0,0,0,0,0,0,0,0,1,1737,0,0,1,12
1997,W,189,0,0,0,0,0,0,0,0,0,0,1,1737,0,0,1,12
1998,W,189,0,0,0,0,0,0,0,0,0,0,1,1737,0,0,1,12
1999,W,189,0,0,0,0,0,0,0,0,0,0,1,1737,0,0,1,12
2000,AN,189,0,0,0,0,0,0,0,0,0,0,1,1737,0,0,1,12
2001,D,189,0,0,0,0,0,0,0,0,0,0,1,1737,0,0,1,12
2002,D,189,0,0,0,0,0,0,0,0,0,0,1,1737,0,0,1,12
2003,AN,189,0,0,0,0,0,0,0,0,0,0,1,1737,0,0,1,12
2004,BN,189,0,0,0,0,0,0,0,0,0,0,1,1737,0,0,1,12
2005,AN,189,0,0,0,0,0,0,0,0,0,0,1,1737,0,0,1,12
2006,W,189,0,0,0,0,0,0,0,0,0,0,1,1737,0,0,1,12
2007,D,189,0,0,0,0,0,0,0,0,0,0,1,1737,0,0,1,12
2008,C,189,0,0,0,0,0,0,0,0,0,0,1,1737,0,0,1,12
2009,D,189,0,0,0,0,0,0,0,0,0,0,1,1737,0,0,1,12
2010,BN,189,0,0,0,0,0,0,0,0,0,0,1,1737,0,0,1,12
2011,W,189,0,0,0,0,0,0,0,0,0,0,1,1737,0,0,1,12
2012,BN,189,0,0,0,0,0,0,0,0,0,0,1,1737,0,0,1,12
2013,D,189,0,0,0,0,0,0,0,0,0,0,1,1737,0,0,1,12
2014,C,189,0,0,0,0,0,0,0,0,0,0,1,1737,0,0,1,12
2015,C,189,0,0,0,0,0,0,0,0,0,0,1,1737,0,0,1,12
2016,BN,189,0,0,0,0,0,0,0,0,0,0,1,1737,0,0,1,12
2017,W,189,0,0,0,0,0,0,0,0,0,0,1,1737,0,0,1,12
2018,BN,189,0,0,0,0,0,0,0,0,0,0,1,1737,0,0,1,12
2019,W,189,0,0,0,0,0,0,0,0,0,0,1,1737,0,0,1,12
2020,AN,189,0,0,0,0,0,0,0,0,0,0,1,1737,0,0,1,12
2021,C,189,0,0,0,0,0,0,0,0,0,0,1,1737,0,0,1,12
2022,BN,189,0,0,0,0,0,0,0,0,0,0,1,1737,0,0,1,12
2023,BN,189,0,0,0,0,0,0,0,0,0,0,1,1737,0,0,1,12
2024,W,189,0,0,0,0,0,0,0,0,0,0,1,1737,0,0,1,12
1922,AN,34,0,0,0,0,0,0,0,0,0,0,275,28,0,0,1124,13
1923,BN,34,0,0,0,0,0,0,0,0,0,0,275,28,0,0,1124,13
1924,C,34,0,0,0,0,0,0,0,0,0,0,275,28,0,0,1124,13
1925,D,34,0,0,0,0,0,0,0,0,0,0,275,28,0,0,1124,13
1926,D,34,0,0,0,0,0,0,0,0,0,0,275,28,0,0,1124,13
1927,W,34,0,0,0,0,0,0,0,0,0,0,275,28,0,0,1124,13
1928,AN,34,0,0,0,0,0,0,0,0,0,0,275,28,0,0,1124,13
1929,C,34,0,0,0,0,0,0,0,0,0,0,275,28,0,0,1124,13
1930,D,34,0,0,0,0,0,0,0,0,0,0,275,28,0,0,1124,13
1931,C,34,0,0,0,0,0,0,0,0,0,0,275,28,0,0,1124,13
1932,D,34,0,0,0,0,0,0,0,0,0,0,275,28,0,0,1124,13
1933,C,34,0,0,0,0,0,0,0,0,0,0,275,28,0,0,1124,13
1934,C,34,0,0,0,0,0,0,0,0,0,0,275,28,0,0,1124,13
1935,BN,34,0,0,0,0,0,0,0,0,0,0,275,28,0,0,1124,13
1936,BN,34,0,0,0,0,0,0,0,0,0,0,275,28,0,0,1124,13
1937,BN,34,0,0,0,0,0,0,0,0,0,0,275,28,0,0,1124,13
1938,W,34,0,0,0,0,0,0,0,0,0,0,275,28,0,0,1124,13
1939,D,34,0,0,0,0,0,0,0,0,0,0,275,28,0,0,1124,13
1940,AN,34,0,0,0,0,0,0,0,0,0,0,275,28,0,0,1124,13
1941,W,34,0,0,0,0,0,0,0,0,0,0,275,28,0,0,1124,13
1942,W,34,0,0,0,0,0,0,0,0,0,0,275,28,0,0,1124,13
1943,W,34,0,0,0,0,0,0,0,0,0,0,275,28,0,0,1124,13
1944,D,34,0,0,0,0,0,0,0,0,0,0,275,28,0,0,1124,13
1945,BN,34,0,0,0,0,0,0,0,0,0,0,275,28,0,0,1124,13
1946,BN,34,0,0,0,0,0,0,0,0,0,0,275,28,0,0,1124,13
1947,D,34,0,0,0,0,0,0,0,0,0,0,275,28,0,0,1124,13
1948,BN,34,0,0,0,0,0,0,0,0,0,0,275,28,0,0,1124,13
1949,D,34,0,0,0,0,0,0,0,0,0,0,275,28,0,0,1124,13
1950,BN,34,0,0,0,0,0,0,0,0,0,0,275,28,0,0,1124,13
1951,AN,34,0,0,0,0,0,0,0,0,0,0,275,28,0,0,1124,13
1952,W,34,0,0,0,0,0,0,0,0,0,0,275,28,0,0,1124,13
1953,W,34,0,0,0,0,0,0,0,0,0,0,275,28,0,0,1124,13
1954,AN,34,0,0,0,0,0,0,0,0,0,0,275,28,0,0,1124,13
1955,D,34,0,0,0,0,0,0,0,0,0,0,275,28,0,0,1124,13
1956,W,34,0,0,0,0,0,0,0,0,0,0,275,28,0,0,1124,13
1957,AN,34,0,0,0,0,0,0,0,0,0,0,275,28,0,0,1124,13
1958,W,34,0,0,0,0,0,0,0,0,0,0,275,28,0,0,1124,13
1959,BN,34,0,0,0,0,0,0,0,0,0,0,275,28,0,0,1124,13
1960,D,34,0,0,0,0,0,0,0,0,0,0,275,28,0,0,1124,13
1961,D,34,0,0,0,0,0,0,0,0,0,0,275,28,0,0,1124,13
1962,BN,34,0,0,0,0,0,0,0,0,0,0,275,28,0,0,1124,13
1963,W,34,0,0,0,0,0,0,0,0,0,0,275,28,0,0,1124,13
1964,D,34,0,0,0,0,0,0,0,0,0,0,275,28,0,0,1124,13
1965,W,34,0,0,0,0,0,0,0,0,0,0,275,28,0,0,1124,13
1966,BN,34,0,0,0,0,0,0,0,0,0,0,275,28,0,0,1124,13
1967,W,34,0,0,0,0,0,0,0,0,0,0,275,28,0,0,1124,13
1968,BN,34,0,0,0,0,0,0,0,0,0,0,275,28,0,0,1124,13
1969,W,34,0,0,0,0,0,0,0,0,0,0,275,28,0,0,1124,13
1970,W,34,0,0,0,0,0,0,0,0,0,0,275,28,0,0,1124,13
1971,W,34,0,0,0,0,0,0,0,0,0,0,275,28,0,0,1124,13
1972,BN,34,0,0,0,0,0,0,0,0,0,0,275,28,0,0,1124,13
1973,AN,34,0,0,0,0,0,0,0,0,0,0,275,28,0,0,1124,13
1974,W,34,0,0,0,0,0,0,0,0,0,0,275,28,0,0,1124,13
1975,W,34,0,0,0,0,0,0,0,0,0,0,275,28,0,0,1124,13
1976,C,34,0,0,0,0,0,0,0,0,0,0,275,28,0,0,1124,13
1977,C,34,0,0,0,0,0,0,0,0,0,0,275,28,0,0,1124,13
1978,AN,34,0,0,0,0,0,0,0,0,0,0,275,28,0,0,1124,13
1979,BN,34,0,0,0,0,0,0,0,0,0,0,275,28,0,0,1124,13
1980,AN,34,0,0,0,0,0,0,0,0,0,0,275,28,0,0,1124,13
1981,D,34,0,0,0,0,0,0,0,0,0,0,275,28,0,0,1124,13
1982,W,34,0,0,0,0,0,0,0,0,0,0,275,28,0,0,1124,13
1983,W,34,0,0,0,0,0,0,0,0,0,0,275,28,0,0,1124,13
1984,W,34,0,0,0,0,0,0,0,0,0,0,275,28,0,0,1124,13
1985,D,34,0,0,0,0,0,0,0,0,0,0,275,28,0,0,1124,13
1986,W,34,0,0,0,0,0,0,0,0,0,0,275,28,0,0,1124,13
1987,D,34,0,0,0,0,0,0,0,0,0,0,275,28,0,0,1124,13
1988,C,34,0,0,0,0,0,0,0,0,0,0,275,28,0,0,1124,13
1989,D,34,0,0,0,0,0,0,0,0,0,0,275,28,0,0,1124,13
1990,C,34,0,0,0,0,0,0,0,0,0,0,275,28,0,0,1124,13
1991,C,34,0,0,0,0,0,0,0,0,0,0,275,28,0,0,1124,13
1992,C,34,0,0,0,0,0,0,0,0,0,0,275,28,0,0,1124,13
1993,AN,34,0,0,0,0,0,0,0,0,0,0,275,28,0,0,1124,13
1994,C,34,0,0,0,0,0,0,0,0,0,0,275,28,0,0,1124,13
1995,W,34,0,0,0,0,0,0,0,0,0,0,275,28,0,0,1124,13
1996,W,34,0,0,0,0,0,0,0,0,0,0,275,28,0,0,1124,13
1997,W,34,0,0,0,0,0,0,0,0,0,0,275,28,0,0,1124,13
1998,W,34,0,0,0,0,0,0,0,0,0,0,275,28,0,0,1124,13
1999,W,34,0,0,0,0,0,0,0,0,0,0,275,28,0,0,1124,13
2000,AN,34,0,0,0,0,0,0,0,0,0,0,275,28,0,0,1124,13
2001,D,34,0,0,0,0,0,0,0,0,0,0,275,28,0,0,1124,13
2002,D,34,0,0,0,0,0,0,0,0,0,0,275,28,0,0,1124,13
2003,AN,34,0,0,0,0,0,0,0,0,0,0,275,28,0,0,1124,13
2004,BN,34,0,0,0,0,0,0,0,0,0,0,275,28,0,0,1124,13
2005,AN,34,0,0,0,0,0,0,0,0,0,0,275,28,0,0,1124,13
2006,W,34,0,0,0,0,0,0,0,0,0,0,275,28,0,0,1124,13
2007,D,34,0,0,0,0,0,0,0,0,0,0,275,28,0,0,1124,13
2008,C,34,0,0,0,0,0,0,0,0,0,0,275,28,0,0,1124,13
2009,D,34,0,0,0,0,0,0,0,0,0,0,275,28,0,0,1124,13
2010,BN,34,0,0,0,0,0,0,0,0,0,0,275,28,0,0,1124,13
2011,W,34,0,0,0,0,0,0,0,0,0,0,275,28,0,0,1124,13
2012,BN,34,0,0,0,0,0,0,0,0,0,0,275,28,0,0,1124,13
2013,D,34,0,0,0,0,0,0,0,0,0,0,275,28,0,0,1124,13
2014,C,34,0,0,0,0,0,0,0,0,0,0,275,28,0,0,1124,13
2015,C,34,0,0,0,0,0,0,0,0,0,0,275,28,0,0,1124,13
2016,BN,34,0,0,0,0,0,0,0,0,0,0,275,28,0,0,1124,13
2017,W,34,0,0,0,0,0,0,0,0,0,0,275,28,0,0,1124,13
2018,BN,34,0,0,0,0,0,0,0,0,0,0,275,28,0,0,1124,13
2019,W,34,0,0,0,0,0,0,0,0,0,0,275,28,0,0,1124,13
2020,AN,34,0,0,0,0,0,0,0,0,0,0,275,28,0,0,1124,13
2021,C,34,0,0,0,0,0,0,0,0,0,0,275,28,0,0,1124,13
2022,BN,34,0,0,0,0,0,0,0,0,0,0,275,28,0,0,1124,13
2023,BN,34,0,0,0,0,0,0,0,0,0,0,275,28,0,0,1124,13
2024,W,34,0,0,0,0,0,0,0,0,0,0,275,28,0,0,1124,13
1922,AN,46,0,0,0,0,0,0,0,0,0,0,592,2,0,0,19,14
1923,BN,46,0,0,0,0,0,0,0,0,0,0,592,2,0,0,19,14
1924,C,46,0,0,0,0,0,0,0,0,0,0,592,2,0,0,19,14
1925,D,46,0,0,0,0,0,0,0,0,0,0,592,2,0,0,19,14
1926,D,46,0,0,0,0,0,0,0,0,0,0,592,2,0,0,19,14
1927,W,46,0,0,0,0,0,0,0,0,0,0,592,2,0,0,19,14
1928,AN,46,0,0,0,0,0,0,0,0,0,0,592,2,0,0,19,14
1929,C,46,0,0,0,0,0,0,0,0,0,0,592,2,0,0,19,14
1930,D,46,0,0,0,0,0,0,0,0,0,0,592,2,0,0,19,14
1931,C,46,0,0,0,0,0,0,0,0,0,0,592,2,0,0,19,14
1932,D,46,0,0,0,0,0,0,0,0,0,0,592,2,0,0,19,14
1933,C,46,0,0,0,0,0,0,0,0,0,0,592,2,0,0,19,14
1934,C,46,0,0,0,0,0,0,0,0,0,0,592,2,0,0,19,14
1935,BN,46,0,0,0,0,0,0,0,0,0,0,592,2,0,0,19,14
1936,BN,46,0,0,0,0,0,0,0,0,0,0,592,2,0,0,19,14
1937,BN,46,0,0,0,0,0,0,0,0,0,0,592,2,0,0,19,14
1938,W,46,0,0,0,0,0,0,0,0,0,0,592,2,0,0,19,14
1939,D,46,0,0,0,0,0,0,0,0,0,0,592,2,0,0,19,14
1940,AN,46,0,0,0,0,0,0,0,0,0,0,592,2,0,0,19,14
1941,W,46,0,0,0,0,0,0,0,0,0,0,592,2,0,0,19,14
1942,W,46,0,0,0,0,0,0,0,0,0,0,592,2,0,0,19,14
1943,W,46,0,0,0,0,0,0,0,0,0,0,592,2,0,0,19,14
1944,D,46,0,0,0,0,0,0,0,0,0,0,592,2,0,0,19,14
1945,BN,46,0,0,0,0,0,0,0,0,0,0,592,2,0,0,19,14
1946,BN,46,0,0,0,0,0,0,0,0,0,0,592,2,0,0,19,14
1947,D,46,0,0,0,0,0,0,0,0,0,0,592,2,0,0,19,14
1948,BN,46,0,0,0,0,0,0,0,0,0,0,592,2,0,0,19,14
1949,D,46,0,0,0,0,0,0,0,0,0,0,592,2,0,0,19,14
1950,BN,46,0,0,0,0,0,0,0,0,0,0,592,2,0,0,19,14
1951,AN,46,0,0,0,0,0,0,0,0,0,0,592,2,0,0,19,14
1952,W,46,0,0,0,0,0,0,0,0,0,0,592,2,0,0,19,14
1953,W,46,0,0,0,0,0,0,0,0,0,0,592,2,0,0,19,14
1954,AN,46,0,0,0,0,0,0,0,0,0,0,592,2,0,0,19,14
1955,D,46,0,0,0,0,0,0,0,0,0,0,592,2,0,0,19,14
1956,W,46,0,0,0,0,0,0,0,0,0,0,592,2,0,0,19,14
1957,AN,46,0,0,0,0,0,0,0,0,0,0,592,2,0,0,19,14
1958,W,46,0,0,0,0,0,0,0,0,0,0,592,2,0,0,19,14
1959,BN,46,0,0,0,0,0,0,0,0,0,0,592,2,0,0,19,14
1960,D,46,0,0,0,0,0,0,0,0,0,0,592,2,0,0,19,14
1961,D,46,0,0,0,0,0,0,0,0,0,0,592,2,0,0,19,14
1962,BN,46,0,0,0,0,0,0,0,0,0,0,592,2,0,0,19,14
1963,W,46,0,0,0,0,0,0,0,0,0,0,592,2,0,0,19,14
1964,D,46,0,0,0,0,0,0,0,0,0,0,592,2,0,0,19,14
1965,W,46,0,0,0,0,0,0,0,0,0,0,592,2,0,0,19,14
1966,BN,46,0,0,0,0,0,0,0,0,0,0,592,2,0,0,19,14
1967,W,46,0,0,0,0,0,0,0,0,0,0,592,2,0,0,19,14
1968,BN,46,0,0,0,0,0,0,0,0,0,0,592,2,0,0,19,14
1969,W,46,0,0,0,0,0,0,0,0,0,0,592,2,0,0,19,14
1970,W,46,0,0,0,0,0,0,0,0,0,0,592,2,0,0,19,14
1971,W,46,0,0,0,0,0,0,0,0,0,0,592,2,0,0,19,14
1972,BN,46,0,0,0,0,0,0,0,0,0,0,592,2,0,0,19,14
1973,AN,46,0,0,0,0,0,0,0,0,0,0,592,2,0,0,19,14
1974,W,46,0,0,0,0,0,0,0,0,0,0,592,2,0,0,19,14
1975,W,46,0,0,0,0,0,0,0,0,0,0,592,2,0,0,19,14
1976,C,46,0,0,0,0,0,0,0,0,0,0,592,2,0,0,19,14
1977,C,46,0,0,0,0,0,0,0,0,0,0,592,2,0,0,19,14
1978,AN,46,0,0,0,0,0,0,0,0,0,0,592,2,0,0,19,14
1979,BN,46,0,0,0,0,0,0,0,0,0,0,592,2,0,0,19,14
1980,AN,46,0,0,0,0,0,0,0,0,0,0,592,2,0,0,19,14
1981,D,46,0,0,0,0,0,0,0,0,0,0,592,2,0,0,19,14
1982,W,46,0,0,0,0,0,0,0,0,0,0,592,2,0,0,19,14
1983,W,46,0,0,0,0,0,0,0,0,0,0,592,2,0,0,19,14
1984,W,46,0,0,0,0,0,0,0,0,0,0,592,2,0,0,19,14
1985,D,46,0,0,0,0,0,0,0,0,0,0,592,2,0,0,19,14
1986,W,46,0,0,0,0,0,0,0,0,0,0,592,2,0,0,19,14
1987,D,46,0,0,0,0,0,0,0,0,0,0,592,2,0,0,19,14
1988,C,46,0,0,0,0,0,0,0,0,0,0,592,2,0,0,19,14
1989,D,46,0,0,0,0,0,0,0,0,0,0,592,2,0,0,19,14
1990,C,46,0,0,0,0,0,0,0,0,0,0,592,2,0,0,19,14
1991,C,46,0,0,0,0,0,0,0,0,0,0,592,2,0,0,19,14
1992,C,46,0,0,0,0,0,0,0,0,0,0,592,2,0,0,19,14
1993,AN,46,0,0,0,0,0,0,0,0,0,0,592,2,0,0,19,14
1994,C,46,0,0,0,0,0,0,0,0,0,0,592,2,0,0,19,14
1995,W,46,0,0,0,0,0,0,0,0,0,0,592,2,0,0,19,14
1996,W,46,0,0,0,0,0,0,0,0,0,0,592,2,0,0,19,14
1997,W,46,0,0,0,0,0,0,0,0,0,0,592,2,0,0,19,14
1998,W,46,0,0,0,0,0,0,0,0,0,0,592,2,0,0,19,14
1999,W,46,0,0,0,0,0,0,0,0,0,0,592,2,0,0,19,14
2000,AN,46,0,0,0,0,0,0,0,0,0,0,592,2,0,0,19,14
2001,D,46,0,0,0,0,0,0,0,0,0,0,592,2,0,0,19,14
2002,D,46,0,0,0,0,0,0,0,0,0,0,592,2,0,0,19,14
2003,AN,46,0,0,0,0,0,0,0,0,0,0,592,2,0,0,19,14
2004,BN,46,0,0,0,0,0,0,0,0,0,0,592,2,0,0,19,14
2005,AN,46,0,0,0,0,0,0,0,0,0,0,592,2,0,0,19,14
2006,W,46,0,0,0,0,0,0,0,0,0,0,592,2,0,0,19,14
2007,D,46,0,0,0,0,0,0,0,0,0,0,592,2,0,0,19,14
2008,C,46,0,0,0,0,0,0,0,0,0,0,592,2,0,0,19,14
2009,D,46,0,0,0,0,0,0,0,0,0,0,592,2,0,0,19,14
2010,BN,46,0,0,0,0,0,0,0,0,0,0,592,2,0,0,19,14
2011,W,46,0,0,0,0,0,0,0,0,0,0,592,2,0,0,19,14
2012,BN,46,0,0,0,0,0,0,0,0,0,0,592,2,0,0,19,14
2013,D,46,0,0,0,0,0,0,0,0,0,0,592,2,0,0,19,14
2014,C,46,0,0,0,0,0,0,0,0,0,0,592,2,0,0,19,14
2015,C,46,0,0,0,0,0,0,0,0,0,0,592,2,0,0,19,14
2016,BN,46,0,0,0,0,0,0,0,0,0,0,592,2,0,0,19,14
2017,W,46,0,0,0,0,0,0,0,0,0,0,592,2,0,0,19,14
2018,BN,46,0,0,0,0,0,0,0,0,0,0,592,2,0,0,19,14
2019,W,46,0,0,0,0,0,0,0,0,0,0,592,2,0,0,19,14
2020,AN,46,0,0,0,0,0,0,0,0,0,0,592,2,0,0,19,14
2021,C,46,0,0,0,0,0,0,0,0,0,0,592,2,0,0,19,14
2022,BN,46,0,0,0,0,0,0,0,0,0,0,592,2,0,0,19,14
2023,BN,46,0,0,0,0,0,0,0,0,0,0,592,2,0,0,19,14
2024,W,46,0,0,0,0,0,0,0,0,0,0,592,2,0,0,19,14
1922,AN,27,0,0,0,0,176,0,0,0,0,0,120,2233,0,0,0,15
1923,BN,27,0,0,0,0,176,0,0,0,0,0,120,2233,0,0,0,15
1924,C,27,0,0,0,0,176,0,0,0,0,0,120,2233,0,0,0,15
1925,D,27,0,0,0,0,176,0,0,0,0,0,120,2233,0,0,0,15
1926,D,27,0,0,0,0,176,0,0,0,0,0,120,2233,0,0,0,15
1927,W,27,0,0,0,0,176,0,0,0,0,0,120,2233,0,0,0,15
1928,AN,27,0,0,0,0,176,0,0,0,0,0,120,2233,0,0,0,15
1929,C,27,0,0,0,0,176,0,0,0,0,0,120,2233,0,0,0,15
1930,D,27,0,0,0,0,176,0,0,0,0,0,120,2233,0,0,0,15
1931,C,27,0,0,0,0,176,0,0,0,0,0,120,2233,0,0,0,15
1932,D,27,0,0,0,0,176,0,0,0,0,0,120,2233,0,0,0,15
1933,C,27,0,0,0,0,176,0,0,0,0,0,120,2233,0,0,0,15
1934,C,27,0,0,0,0,176,0,0,0,0,0,120,2233,0,0,0,15
1935,BN,27,0,0,0,0,176,0,0,0,0,0,120,2233,0,0,0,15
1936,BN,27,0,0,0,0,176,0,0,0,0,0,120,2233,0,0,0,15
1937,BN,27,0,0,0,0,176,0,0,0,0,0,120,2233,0,0,0,15
1938,W,27,0,0,0,0,176,0,0,0,0,0,120,2233,0,0,0,15
1939,D,27,0,0,0,0,176,0,0,0,0,0,120,2233,0,0,0,15
1940,AN,27,0,0,0,0,176,0,0,0,0,0,120,2233,0,0,0,15
1941,W,27,0,0,0,0,176,0,0,0,0,0,120,2233,0,0,0,15
1942,W,27,0,0,0,0,176,0,0,0,0,0,120,2233,0,0,0,15
1943,W,27,0,0,0,0,176,0,0,0,0,0,120,2233,0,0,0,15
1944,D,27,0,0,0,0,176,0,0,0,0,0,120,2233,0,0,0,15
1945,BN,27,0,0,0,0,176,0,0,0,0,0,120,2233,0,0,0,15
1946,BN,27,0,0,0,0,176,0,0,0,0,0,120,2233,0,0,0,15
1947,D,27,0,0,0,0,176,0,0,0,0,0,120,2233,0,0,0,15
1948,BN,27,0,0,0,0,176,0,0,0,0,0,120,2233,0,0,0,15
1949,D,27,0,0,0,0,176,0,0,0,0,0,120,2233,0,0,0,15
1950,BN,27,0,0,0,0,176,0,0,0,0,0,120,2233,0,0,0,15
1951,AN,27,0,0,0,0,176,0,0,0,0,0,120,2233,0,0,0,15
1952,W,27,0,0,0,0,176,0,0,0,0,0,120,2233,0,0,0,15
1953,W,27,0,0,0,0,176,0,0,0,0,0,120,2233,0,0,0,15
1954,AN,27,0,0,0,0,176,0,0,0,0,0,120,2233,0,0,0,15
1955,D,27,0,0,0,0,176,0,0,0,0,0,120,2233,0,0,0,15
1956,W,27,0,0,0,0,176,0,0,0,0,0,120,2233,0,0,0,15
1957,AN,27,0,0,0,0,176,0,0,0,0,0,120,2233,0,0,0,15
1958,W,27,0,0,0,0,176,0,0,0,0,0,120,2233,0,0,0,15
1959,BN,27,0,0,0,0,176,0,0,0,0,0,120,2233,0,0,0,15
1960,D,27,0,0,0,0,176,0,0,0,0,0,120,2233,0,0,0,15
1961,D,27,0,0,0,0,176,0,0,0,0,0,120,2233,0,0,0,15
1962,BN,27,0,0,0,0,176,0,0,0,0,0,120,2233,0,0,0,15
1963,W,27,0,0,0,0,176,0,0,0,0,0,120,2233,0,0,0,15
1964,D,27,0,0,0,0,176,0,0,0,0,0,120,2233,0,0,0,15
1965,W,27,0,0,0,0,176,0,0,0,0,0,120,2233,0,0,0,15
1966,BN,27,0,0,0,0,176,0,0,0,0,0,120,2233,0,0,0,15
1967,W,27,0,0,0,0,176,0,0,0,0,0,120,2233,0,0,0,15
1968,BN,27,0,0,0,0,176,0,0,0,0,0,120,2233,0,0,0,15
1969,W,27,0,0,0,0,176,0,0,0,0,0,120,2233,0,0,0,15
1970,W,27,0,0,0,0,176,0,0,0,0,0,120,2233,0,0,0,15
1971,W,27,0,0,0,0,176,0,0,0,0,0,120,2233,0,0,0,15
1972,BN,27,0,0,0,0,176,0,0,0,0,0,120,2233,0,0,0,15
1973,AN,27,0,0,0,0,176,0,0,0,0,0,120,2233,0,0,0,15
1974,W,27,0,0,0,0,176,0,0,0,0,0,120,2233,0,0,0,15
1975,W,27,0,0,0,0,176,0,0,0,0,0,120,2233,0,0,0,15
1976,C,27,0,0,0,0,176,0,0,0,0,0,120,2233,0,0,0,15
1977,C,27,0,0,0,0,176,0,0,0,0,0,120,2233,0,0,0,15
1978,AN,27,0,0,0,0,176,0,0,0,0,0,120,2233,0,0,0,15
1979,BN,27,0,0,0,0,176,0,0,0,0,0,120,2233,0,0,0,15
1980,AN,27,0,0,0,0,176,0,0,0,0,0,120,2233,0,0,0,15
1981,D,27,0,0,0,0,176,0,0,0,0,0,120,2233,0,0,0,15
1982,W,27,0,0,0,0,176,0,0,0,0,0,120,2233,0,0,0,15
1983,W,27,0,0,0,0,176,0,0,0,0,0,120,2233,0,0,0,15
1984,W,27,0,0,0,0,176,0,0,0,0,0,120,2233,0,0,0,15
1985,D,27,0,0,0,0,176,0,0,0,0,0,120,2233,0,0,0,15
1986,W,27,0,0,0,0,176,0,0,0,0,0,120,2233,0,0,0,15
1987,D,27,0,0,0,0,176,0,0,0,0,0,120,2233,0,0,0,15
1988,C,27,0,0,0,0,176,0,0,0,0,0,120,2233,0,0,0,15
1989,D,27,0,0,0,0,176,0,0,0,0,0,120,2233,0,0,0,15
1990,C,27,0,0,0,0,176,0,0,0,0,0,120,2233,0,0,0,15
1991,C,27,0,0,0,0,176,0,0,0,0,0,120,2233,0,0,0,15
1992,C,27,0,0,0,0,176,0,0,0,0,0,120,2233,0,0,0,15
1993,AN,27,0,0,0,0,176,0,0,0,0,0,120,2233,0,0,0,15
1994,C,27,0,0,0,0,176,0,0,0,0,0,120,2233,0,0,0,15
1995,W,27,0,0,0,0,176,0,0,0,0,0,120,2233,0,0,0,15
1996,W,27,0,0,0,0,176,0,0,0,0,0,120,2233,0,0,0,15
1997,W,27,0,0,0,0,176,0,0,0,0,0,120,2233,0,0,0,15
1998,W,27,0,0,0,0,176,0,0,0,0,0,120,2233,0,0,0,15
1999,W,27,0,0,0,0,176,0,0,0,0,0,120,2233,0,0,0,15
2000,AN,27,0,0,0,0,176,0,0,0,0,0,120,2233,0,0,0,15
2001,D,27,0,0,0,0,176,0,0,0,0,0,120,2233,0,0,0,15
2002,D,27,0,0,0,0,176,0,0,0,0,0,120,2233,0,0,0,15
2003,AN,27,0,0,0,0,176,0,0,0,0,0,120,2233,0,0,0,15
2004,BN,27,0,0,0,0,176,0,0,0,0,0,120,2233,0,0,0,15
2005,AN,27,0,0,0,0,176,0,0,0,0,0,120,2233,0,0,0,15
2006,W,27,0,0,0,0,176,0,0,0,0,0,120,2233,0,0,0,15
2007,D,27,0,0,0,0,176,0,0,0,0,0,120,2233,0,0,0,15
2008,C,27,0,0,0,0,176,0,0,0,0,0,120,2233,0,0,0,15
2009,D,27,0,0,0,0,176,0,0,0,0,0,120,2233,0,0,0,15
2010,BN,27,0,0,0,0,176,0,0,0,0,0,120,2233,0,0,0,15
2011,W,27,0,0,0,0,176,0,0,0,0,0,120,2233,0,0,0,15
2012,BN,27,0,0,0,0,176,0,0,0,0,0,120,2233,0,0,0,15
2013,D,27,0,0,0,0,176,0,0,0,0,0,120,2233,0,0,0,15
2014,C,27,0,0,0,0,176,0,0,0,0,0,120,2233,0,0,0,15
2015,C,27,0,0,0,0,176,0,0,0,0,0,120,2233,0,0,0,15
2016,BN,27,0,0,0,0,176,0,0,0,0,0,120,2233,0,0,0,15
2017,W,27,0,0,0,0,176,0,0,0,0,0,120,2233,0,0,0,15
2018,BN,27,0,0,0,0,176,0,0,0,0,0,120,2233,0,0,0,15
2019,W,27,0,0,0,0,176,0,0,0,0,0,120,2233,0,0,0,15
2020,AN,27,0,0,0,0,176,0,0,0,0,0,120,2233,0,0,0,15
2021,C,27,0,0,0,0,176,0,0,0,0,0,120,2233,0,0,0,15
2022,BN,27,0,0,0,0,176,0,0,0,0,0,120,2233,0,0,0,15
2023,BN,27,0,0,0,0,176,0,0,0,0,0,120,2233,0,0,0,15
2024,W,27,0,0,0,0,176,0,0,0,0,0,120,2233,0,0,0,15
